cycle,cycle_time_s,selfplay_time_s,train_time_s,cumulative_time_s,p1_wins,p2_wins,draws,mean_game_length,min_game_length,max_game_length,mean_walls_placed,mean_policy_entropy,value_accuracy,loss_total,loss_policy,loss_value,holdout_loss_total,holdout_loss_policy,holdout_loss_value,train_steps,cumulative_train_steps,lr,boardsize,walls_per_player,games_per_cycle,mcts_sims,mcts_sims_fast,fast_play_prob,fast_kl_threshold,temp_threshold,c_puct,dirichlet_alpha,dirichlet_epsilon,dist_bonus_weight_max,fpu_reduction,random_wall_plies,random_wall_fraction,buffer_cycles,batch_size,train_positions_per_cycle,buffer_recency_decay,learning_rate,weight_decay,value_loss_weight,lr_milestones,lr_decay,filters,num_residual,gpool_every,num_workers,value_head,pawn_head
2,2314.2,2234.2,80.0,2314.2,,,,,,,,,0.8618,1.223382,0.939716,0.283665,,,,1000,1000,2.00e-04,9,10,2048,800,128,0.0,0.7,"sched(0.9->0.15,hl=7.0)",1.0,0.3,0.25,0.5,0.1,1,0.05,30,1024,1024000,0.98,0.0002,0.0001,1.0,"[800, 1600]",0.1,128,10,3,8,pooled,local
3,430.7,350.7,80.0,2744.9,,,,,,,,,0.8729,2.185558,1.876295,0.309262,,,,1000,2000,2.00e-04,9,10,2048,800,128,0.0,0.7,"sched(0.9->0.15,hl=7.0)",1.0,0.3,0.25,0.5,0.1,1,0.05,30,1024,1024000,0.98,0.0002,0.0001,1.0,"[800, 1600]",0.1,128,10,3,8,pooled,local
4,316.8,268.6,48.2,3061.7,,,,,,,,,0.8904,2.167569,1.895173,0.272396,,,,1000,3000,2.00e-04,9,10,2048,800,128,0.0,0.7,"sched(0.9->0.15,hl=7.0)",1.0,0.3,0.25,0.5,0.1,1,0.05,30,1024,1024000,0.98,0.0002,0.0001,1.0,"[800, 1600]",0.1,128,10,3,8,pooled,local
5,388.8,339.5,49.3,3450.5,,,,,,,,,0.8826,2.235539,1.944817,0.290721,,,,1000,4000,2.00e-04,9,10,2048,800,128,0.0,0.7,"sched(0.9->0.15,hl=7.0)",1.0,0.3,0.25,0.5,0.1,1,0.05,30,1024,1024000,0.98,0.0002,0.0001,1.0,"[800, 1600]",0.1,128,10,3,8,pooled,local
6,545.1,494.7,50.4,3995.6,,,,,,,,,0.8726,2.252350,1.935445,0.316905,,,,1000,5000,2.00e-04,9,10,2048,800,128,0.0,0.7,"sched(0.9->0.15,hl=7.0)",1.0,0.3,0.25,0.5,0.1,1,0.05,30,1024,1024000,0.98,0.0002,0.0001,1.0,"[800, 1600]",0.1,128,10,3,8,pooled,local
7,510.9,453.9,57.0,4506.5,,,,,,,,,0.8642,2.217789,1.877288,0.340501,,,,1000,6000,2.00e-04,9,10,2048,800,128,0.0,0.7,"sched(0.9->0.15,hl=7.0)",1.0,0.3,0.25,0.5,0.1,1,0.05,30,1024,1024000,0.98,0.0002,0.0001,1.0,"[800, 1600]",0.1,128,10,3,8,pooled,local
8,428.5,367.6,60.9,4935.0,,,,,,,,,0.8578,2.186795,1.829850,0.356945,,,,1000,7000,2.00e-04,9,10,2048,800,128,0.0,0.7,"sched(0.9->0.15,hl=7.0)",1.0,0.3,0.25,0.5,0.1,1,0.05,30,1024,1024000,0.98,0.0002,0.0001,1.0,"[800, 1600]",0.1,128,10,3,8,pooled,local
9,363.2,300.7,62.5,5298.2,,,,,,,,,0.8469,2.136468,1.759712,0.376756,,,,1000,8000,2.00e-04,9,10,2048,800,128,0.0,0.7,"sched(0.9->0.15,hl=7.0)",1.0,0.3,0.25,0.5,0.1,1,0.05,30,1024,1024000,0.98,0.0002,0.0001,1.0,"[800, 1600]",0.1,128,10,3,8,pooled,local
10,416.8,360.4,56.4,5715.0,,,,,,,,,0.8379,2.098980,1.704495,0.394485,,,,1000,9000,2.00e-04,9,10,2048,800,128,0.0,0.7,"sched(0.9->0.15,hl=7.0)",1.0,0.3,0.25,0.5,0.1,1,0.05,30,1024,1024000,0.98,0.0002,0.0001,1.0,"[800, 1600]",0.1,128,10,3,8,pooled,local
11,313.7,255.6,58.1,6028.7,,,,,,,,,0.8273,2.076800,1.659127,0.417672,,,,1000,10000,2.00e-04,9,10,2048,800,128,0.0,0.7,"sched(0.9->0.15,hl=7.0)",1.0,0.3,0.25,0.5,0.1,1,0.05,30,1024,1024000,0.98,0.0002,0.0001,1.0,"[800, 1600]",0.1,128,10,3,8,pooled,local
12,330.9,271.6,59.3,6359.6,,,,,,,,,0.8218,2.046989,1.618832,0.428158,,,,1000,11000,2.00e-04,9,10,2048,800,128,0.0,0.7,"sched(0.9->0.15,hl=7.0)",1.0,0.3,0.25,0.5,0.1,1,0.05,30,1024,1024000,0.98,0.0002,0.0001,1.0,"[800, 1600]",0.1,128,10,3,8,pooled,local
13,353.5,292.3,61.2,6713.1,,,,,,,,,0.8160,2.039846,1.597746,0.442100,,,,1000,12000,2.00e-04,9,10,2048,800,128,0.0,0.7,"sched(0.9->0.15,hl=7.0)",1.0,0.3,0.25,0.5,0.1,1,0.05,30,1024,1024000,0.98,0.0002,0.0001,1.0,"[800, 1600]",0.1,128,10,3,8,pooled,local
14,321.0,258.4,62.6,7034.1,,,,,,,,,0.8125,2.029145,1.578521,0.450624,,,,1000,13000,2.00e-04,9,10,2048,800,128,0.0,0.7,"sched(0.9->0.15,hl=7.0)",1.0,0.3,0.25,0.5,0.1,1,0.05,30,1024,1024000,0.98,0.0002,0.0001,1.0,"[800, 1600]",0.1,128,10,3,8,pooled,local
15,346.1,282.0,64.1,7380.2,,,,,,,,,0.8083,2.021668,1.562870,0.458798,,,,1000,14000,2.00e-04,9,10,2048,800,128,0.0,0.7,"sched(0.9->0.15,hl=7.0)",1.0,0.3,0.25,0.5,0.1,1,0.05,30,1024,1024000,0.98,0.0002,0.0001,1.0,"[800, 1600]",0.1,128,10,3,8,pooled,local
16,338.3,272.7,65.6,7718.5,,,,,,,,,0.8067,2.016033,1.550486,0.465547,,,,1000,15000,2.00e-04,9,10,2048,800,128,0.0,0.7,"sched(0.9->0.15,hl=7.0)",1.0,0.3,0.25,0.5,0.1,1,0.05,30,1024,1024000,0.98,0.0002,0.0001,1.0,"[800, 1600]",0.1,128,10,3,8,pooled,local
17,341.7,275.0,66.7,8060.2,,,,,,,,,0.8026,2.016842,1.544771,0.472071,,,,1000,16000,2.00e-04,9,10,2048,800,128,0.0,0.7,"sched(0.9->0.15,hl=7.0)",1.0,0.3,0.25,0.5,0.1,1,0.05,30,1024,1024000,0.98,0.0002,0.0001,1.0,"[800, 1600]",0.1,128,10,3,8,pooled,local
18,345.8,277.6,68.2,8406.0,,,,,,,,,0.8016,2.004645,1.529110,0.475535,,,,1000,17000,2.00e-04,9,10,2048,800,128,0.0,0.7,"sched(0.9->0.15,hl=7.0)",1.0,0.3,0.25,0.5,0.1,1,0.05,30,1024,1024000,0.98,0.0002,0.0001,1.0,"[800, 1600]",0.1,128,10,3,8,pooled,local
19,320.9,251.3,69.6,8726.9,,,,,,,,,0.7989,2.003089,1.520140,0.482950,,,,1000,18000,2.00e-04,9,10,2048,800,128,0.0,0.7,"sched(0.9->0.15,hl=7.0)",1.0,0.3,0.25,0.5,0.1,1,0.05,30,1024,1024000,0.98,0.0002,0.0001,1.0,"[800, 1600]",0.1,128,10,3,8,pooled,local
20,337.7,265.8,71.9,9064.6,,,,,,,,,0.7959,2.003643,1.515737,0.487906,,,,1000,19000,2.00e-04,9,10,2048,800,128,0.0,0.7,"sched(0.9->0.15,hl=7.0)",1.0,0.3,0.25,0.5,0.1,1,0.05,30,1024,1024000,0.98,0.0002,0.0001,1.0,"[800, 1600]",0.1,128,10,3,8,pooled,local
21,338.4,265.7,72.7,9403.0,,,,,,,,,0.7949,1.998464,1.506580,0.491885,,,,1000,20000,2.00e-04,9,10,2048,800,128,0.0,0.7,"sched(0.9->0.15,hl=7.0)",1.0,0.3,0.25,0.5,0.1,1,0.05,30,1024,1024000,0.98,0.0002,0.0001,1.0,"[800, 1600]",0.1,128,10,3,8,pooled,local
22,310.9,236.0,74.9,9713.9,,,,,,,,,0.7927,1.996916,1.499891,0.497025,,,,1000,21000,2.00e-04,9,10,2048,800,128,0.0,0.7,"sched(0.9->0.15,hl=7.0)",1.0,0.3,0.25,0.5,0.1,1,0.05,30,1024,1024000,0.98,0.0002,0.0001,1.0,"[800, 1600]",0.1,128,10,3,8,pooled,local
23,334.1,258.2,75.9,10048.0,,,,,,,,,0.7908,1.987567,1.486897,0.500670,,,,1000,22000,2.00e-04,9,10,2048,800,128,0.0,0.7,"sched(0.9->0.15,hl=7.0)",1.0,0.3,0.25,0.5,0.1,1,0.05,30,1024,1024000,0.98,0.0002,0.0001,1.0,"[800, 1600]",0.1,128,10,3,8,pooled,local
24,338.2,260.8,77.4,10386.2,,,,,,,,,0.7898,1.987746,1.483988,0.503758,,,,1000,23000,2.00e-04,9,10,2048,800,128,0.0,0.7,"sched(0.9->0.15,hl=7.0)",1.0,0.3,0.25,0.5,0.1,1,0.05,30,1024,1024000,0.98,0.0002,0.0001,1.0,"[800, 1600]",0.1,128,10,3,8,pooled,local
25,363.3,284.3,79.0,10749.5,,,,,,,,,0.7879,1.989261,1.480760,0.508501,,,,1000,24000,2.00e-04,9,10,2048,800,128,0.0,0.7,"sched(0.9->0.15,hl=7.0)",1.0,0.3,0.25,0.5,0.1,1,0.05,30,1024,1024000,0.98,0.0002,0.0001,1.0,"[800, 1600]",0.1,128,10,3,8,pooled,local
26,360.5,280.2,80.3,11110.0,,,,,,,,,0.7869,1.982933,1.471987,0.510946,,,,1000,25000,2.00e-04,9,10,2048,800,128,0.0,0.7,"sched(0.9->0.15,hl=7.0)",1.0,0.3,0.25,0.5,0.1,1,0.05,30,1024,1024000,0.98,0.0002,0.0001,1.0,"[800, 1600]",0.1,128,10,3,8,pooled,local
27,355.1,273.2,81.9,11465.1,,,,,,,,,0.7852,1.978324,1.463276,0.515048,,,,1000,26000,2.00e-04,9,10,2048,800,128,0.0,0.7,"sched(0.9->0.15,hl=7.0)",1.0,0.3,0.25,0.5,0.1,1,0.05,30,1024,1024000,0.98,0.0002,0.0001,1.0,"[800, 1600]",0.1,128,10,3,8,pooled,local
28,353.8,269.5,84.3,11818.9,,,,,,,,,0.7833,1.978461,1.459710,0.518751,,,,1000,27000,2.00e-04,9,10,2048,800,128,0.0,0.7,"sched(0.9->0.15,hl=7.0)",1.0,0.3,0.25,0.5,0.1,1,0.05,30,1024,1024000,0.98,0.0002,0.0001,1.0,"[800, 1600]",0.1,128,10,3,8,pooled,local
29,373.9,288.4,85.5,12192.8,,,,,,,,,0.7835,1.973833,1.454829,0.519004,,,,1000,28000,2.00e-04,9,10,2048,800,128,0.0,0.7,"sched(0.9->0.15,hl=7.0)",1.0,0.3,0.25,0.5,0.1,1,0.05,30,1024,1024000,0.98,0.0002,0.0001,1.0,"[800, 1600]",0.1,128,10,3,8,pooled,local
30,331.4,244.4,87.0,12524.2,,,,,,,,,0.7826,1.968514,1.448320,0.520194,,,,1000,29000,2.00e-04,9,10,2048,800,128,0.0,0.7,"sched(0.9->0.15,hl=7.0)",1.0,0.3,0.25,0.5,0.1,1,0.05,30,1024,1024000,0.98,0.0002,0.0001,1.0,"[800, 1600]",0.1,128,10,3,8,pooled,local
31,354.3,265.6,88.7,12878.5,,,,,,,,,0.7785,1.973049,1.445367,0.527681,,,,1000,30000,2.00e-04,9,10,2048,800,128,0.0,0.7,"sched(0.9->0.15,hl=7.0)",1.0,0.3,0.25,0.5,0.1,1,0.05,30,1024,1024000,0.98,0.0002,0.0001,1.0,"[800, 1600]",0.1,128,10,3,8,pooled,local
32,350.1,261.1,89.0,13228.6,,,,,,,,,0.7748,1.985536,1.449234,0.536302,,,,1000,31000,2.00e-04,9,10,2048,800,128,0.0,0.7,"sched(0.9->0.15,hl=7.0)",1.0,0.3,0.25,0.5,0.1,1,0.05,30,1024,1024000,0.98,0.0002,0.0001,1.0,"[800, 1600]",0.1,128,10,3,8,pooled,local
33,348.3,259.7,88.6,13576.9,,,,,,,,,0.7697,1.961276,1.413192,0.548084,,,,1000,32000,2.00e-04,9,10,2048,800,128,0.0,0.7,"sched(0.9->0.15,hl=7.0)",1.0,0.3,0.25,0.5,0.1,1,0.05,30,1024,1024000,0.98,0.0002,0.0001,1.0,"[800, 1600]",0.1,128,10,3,8,pooled,local
34,333.1,243.9,89.2,13910.0,,,,,,,,,0.7655,1.951636,1.396243,0.555393,,,,1000,33000,2.00e-04,9,10,2048,800,128,0.0,0.7,"sched(0.9->0.15,hl=7.0)",1.0,0.3,0.25,0.5,0.1,1,0.05,30,1024,1024000,0.98,0.0002,0.0001,1.0,"[800, 1600]",0.1,128,10,3,8,pooled,local
35,346.8,256.5,90.3,14256.8,,,,,,,,,0.7632,1.942311,1.382853,0.559458,,,,1000,34000,2.00e-04,9,10,2048,800,128,0.0,0.7,"sched(0.9->0.15,hl=7.0)",1.0,0.3,0.25,0.5,0.1,1,0.05,30,1024,1024000,0.98,0.0002,0.0001,1.0,"[800, 1600]",0.1,128,10,3,8,pooled,local
36,343.4,253.1,90.3,14600.2,,,,,,,,,0.7609,1.936470,1.373827,0.562643,,,,1000,35000,2.00e-04,9,10,2048,800,128,0.0,0.7,"sched(0.9->0.15,hl=7.0)",1.0,0.3,0.25,0.5,0.1,1,0.05,30,1024,1024000,0.98,0.0002,0.0001,1.0,"[800, 1600]",0.1,128,10,3,8,pooled,local
37,343.2,252.9,90.3,14943.4,,,,,,,,,0.7591,1.929975,1.363323,0.566652,,,,1000,36000,2.00e-04,9,10,2048,800,128,0.0,0.7,"sched(0.9->0.15,hl=7.0)",1.0,0.3,0.25,0.5,0.1,1,0.05,30,1024,1024000,0.98,0.0002,0.0001,1.0,"[800, 1600]",0.1,128,10,3,8,pooled,local
38,345.5,255.1,90.4,15288.9,,,,,,,,,0.7562,1.929805,1.358733,0.571072,,,,1000,37000,2.00e-04,9,10,2048,800,128,0.0,0.7,"sched(0.9->0.15,hl=7.0)",1.0,0.3,0.25,0.5,0.1,1,0.05,30,1024,1024000,0.98,0.0002,0.0001,1.0,"[800, 1600]",0.1,128,10,3,8,pooled,local
39,344.3,254.0,90.3,15633.2,,,,,,,,,0.7559,1.929198,1.357323,0.571875,,,,1000,38000,2.00e-04,9,10,2048,800,128,0.0,0.7,"sched(0.9->0.15,hl=7.0)",1.0,0.3,0.25,0.5,0.1,1,0.05,30,1024,1024000,0.98,0.0002,0.0001,1.0,"[800, 1600]",0.1,128,10,3,8,pooled,local
40,338.3,247.9,90.4,15971.5,,,,,,,,,0.7571,1.922372,1.354025,0.568347,,,,1000,39000,2.00e-04,9,10,2048,800,128,0.0,0.7,"sched(0.9->0.15,hl=7.0)",1.0,0.3,0.25,0.5,0.1,1,0.05,30,1024,1024000,0.98,0.0002,0.0001,1.0,"[800, 1600]",0.1,128,10,3,8,pooled,local
41,337.4,247.2,90.2,16308.9,,,,,,,,,0.7570,1.922924,1.355406,0.567518,,,,1000,40000,2.00e-04,9,10,2048,800,128,0.0,0.7,"sched(0.9->0.15,hl=7.0)",1.0,0.3,0.25,0.5,0.1,1,0.05,30,1024,1024000,0.98,0.0002,0.0001,1.0,"[800, 1600]",0.1,128,10,3,8,pooled,local
42,373.0,282.9,90.1,16681.9,,,,,,,,,0.7575,1.920062,1.354698,0.565364,,,,1000,41000,2.00e-04,9,10,2048,800,128,0.0,0.7,"sched(0.9->0.15,hl=7.0)",1.0,0.3,0.25,0.5,0.1,1,0.05,30,1024,1024000,0.98,0.0002,0.0001,1.0,"[800, 1600]",0.1,128,10,3,8,pooled,local
43,359.8,269.6,90.2,17041.7,,,,,,,,,0.7588,1.921280,1.357903,0.563377,,,,1000,42000,2.00e-04,9,10,2048,800,128,0.0,0.7,"sched(0.9->0.15,hl=7.0)",1.0,0.3,0.25,0.5,0.1,1,0.05,30,1024,1024000,0.98,0.0002,0.0001,1.0,"[800, 1600]",0.1,128,10,3,8,pooled,local
44,360.5,270.6,89.9,17402.2,,,,,,,,,0.7608,1.921141,1.361858,0.559283,,,,1000,43000,2.00e-04,9,10,2048,800,128,0.0,0.7,"sched(0.9->0.15,hl=7.0)",1.0,0.3,0.25,0.5,0.1,1,0.05,30,1024,1024000,0.98,0.0002,0.0001,1.0,"[800, 1600]",0.1,128,10,3,8,pooled,local
45,384.6,294.4,90.2,17786.8,,,,,,,,,0.7627,1.918702,1.361229,0.557473,,,,1000,44000,2.00e-04,9,10,2048,800,128,0.0,0.7,"sched(0.9->0.15,hl=7.0)",1.0,0.3,0.25,0.5,0.1,1,0.05,30,1024,1024000,0.98,0.0002,0.0001,1.0,"[800, 1600]",0.1,128,10,3,8,pooled,local
46,373.7,283.8,89.9,18160.5,,,,,,,,,0.7666,1.909819,1.359446,0.550373,,,,1000,45000,2.00e-04,9,10,2048,800,128,0.0,0.7,"sched(0.9->0.15,hl=7.0)",1.0,0.3,0.25,0.5,0.1,1,0.05,30,1024,1024000,0.98,0.0002,0.0001,1.0,"[800, 1600]",0.1,128,10,3,8,pooled,local
47,315.6,225.6,90.0,18476.1,,,,,,,,,0.7694,1.904130,1.358886,0.545244,,,,1000,46000,2.00e-04,9,10,2048,800,128,0.0,0.7,"sched(0.9->0.15,hl=7.0)",1.0,0.3,0.25,0.5,0.1,1,0.05,30,1024,1024000,0.98,0.0002,0.0001,1.0,"[800, 1600]",0.1,128,10,3,8,pooled,local
48,367.3,277.4,89.9,18843.4,,,,,,,,,0.7720,1.893208,1.353851,0.539357,,,,1000,47000,2.00e-04,9,10,2048,800,128,0.0,0.7,"sched(0.9->0.15,hl=7.0)",1.0,0.3,0.25,0.5,0.1,1,0.05,30,1024,1024000,0.98,0.0002,0.0001,1.0,"[800, 1600]",0.1,128,10,3,8,pooled,local
49,435.5,345.8,89.7,19278.9,,,,,,,,,0.7738,1.892074,1.356330,0.535744,,,,1000,48000,2.00e-04,9,10,2048,800,128,0.0,0.7,"sched(0.9->0.15,hl=7.0)",1.0,0.3,0.25,0.5,0.1,1,0.05,30,1024,1024000,0.98,0.0002,0.0001,1.0,"[800, 1600]",0.1,128,10,3,8,pooled,local
50,352.2,262.3,89.9,19631.1,,,,,,,,,0.7766,1.886698,1.354491,0.532207,,,,1000,49000,2.00e-04,9,10,2048,800,128,0.0,0.7,"sched(0.9->0.15,hl=7.0)",1.0,0.3,0.25,0.5,0.1,1,0.05,30,1024,1024000,0.98,0.0002,0.0001,1.0,"[800, 1600]",0.1,128,10,3,8,pooled,local
51,440.7,350.8,89.9,20071.8,,,,,,,,,0.7779,1.872176,1.344530,0.527646,,,,1000,50000,2.00e-04,9,10,2048,800,128,0.0,0.7,"sched(0.9->0.15,hl=7.0)",1.0,0.3,0.25,0.5,0.1,1,0.05,30,1024,1024000,0.98,0.0002,0.0001,1.0,"[800, 1600]",0.1,128,10,3,8,pooled,local
52,449.9,360.0,89.9,20521.7,,,,,,,,,0.7801,1.867986,1.342641,0.525345,,,,1000,51000,2.00e-04,9,10,2048,800,128,0.0,0.7,"sched(0.9->0.15,hl=7.0)",1.0,0.3,0.25,0.5,0.1,1,0.05,30,1024,1024000,0.98,0.0002,0.0001,1.0,"[800, 1600]",0.1,128,10,3,8,pooled,local
53,459.2,369.2,90.0,20980.9,,,,,,,,,0.7822,1.866465,1.346025,0.520439,,,,1000,52000,2.00e-04,9,10,2048,800,128,0.0,0.7,"sched(0.9->0.15,hl=7.0)",1.0,0.3,0.25,0.5,0.1,1,0.05,30,1024,1024000,0.98,0.0002,0.0001,1.0,"[800, 1600]",0.1,128,10,3,8,pooled,local
54,479.9,390.0,89.9,21460.8,,,,,,,,,0.7853,1.860409,1.345250,0.515160,,,,1000,53000,2.00e-04,9,10,2048,800,128,0.0,0.7,"sched(0.9->0.15,hl=7.0)",1.0,0.3,0.25,0.5,0.1,1,0.05,30,1024,1024000,0.98,0.0002,0.0001,1.0,"[800, 1600]",0.1,128,10,3,8,pooled,local
55,499.7,409.7,90.0,21960.5,,,,,,,,,0.7887,1.850936,1.341950,0.508987,,,,1000,54000,2.00e-04,9,10,2048,800,128,0.0,0.7,"sched(0.9->0.15,hl=7.0)",1.0,0.3,0.25,0.5,0.1,1,0.05,30,1024,1024000,0.98,0.0002,0.0001,1.0,"[800, 1600]",0.1,128,10,3,8,pooled,local
56,501.8,411.1,90.7,22462.3,,,,,,,,,0.7909,1.847861,1.342636,0.505225,,,,1000,55000,2.00e-04,9,10,2048,800,128,0.0,0.7,"sched(0.9->0.15,hl=7.0)",1.0,0.3,0.25,0.5,0.1,1,0.05,30,1024,1024000,0.98,0.0002,0.0001,1.0,"[800, 1600]",0.1,128,10,3,8,pooled,local
57,540.6,450.6,90.0,23002.9,,,,,,,,,0.7950,1.838352,1.338969,0.499383,,,,1000,56000,2.00e-04,9,10,2048,800,128,0.0,0.7,"sched(0.9->0.15,hl=7.0)",1.0,0.3,0.25,0.5,0.1,1,0.05,30,1024,1024000,0.98,0.0002,0.0001,1.0,"[800, 1600]",0.1,128,10,3,8,pooled,local
58,391.4,301.3,90.1,23394.3,,,,,,,,,0.7984,1.810367,1.320734,0.489633,,,,1000,57000,2.00e-04,9,10,2048,800,128,0.0,0.7,"sched(0.9->0.15,hl=7.0)",1.0,0.3,0.25,0.5,0.1,1,0.05,30,1024,1024000,0.98,0.0002,0.0001,1.0,"[800, 1600]",0.1,128,10,3,8,pooled,local
59,698.4,608.0,90.4,24092.7,,,,,,,,,0.8025,1.767386,1.293782,0.473604,,,,1000,58000,2.00e-04,9,10,2048,800,128,0.0,0.7,"sched(0.9->0.15,hl=7.0)",1.0,0.3,0.25,0.5,0.1,1,0.05,30,1024,1024000,0.98,0.0002,0.0001,1.0,"[800, 1600]",0.1,128,10,3,8,pooled,local
60,700.3,609.4,90.9,24793.0,,,,,,,,,0.8035,1.741183,1.270886,0.470297,,,,1000,59000,2.00e-04,9,10,2048,800,128,0.0,0.7,"sched(0.9->0.15,hl=7.0)",1.0,0.3,0.25,0.5,0.1,1,0.05,30,1024,1024000,0.98,0.0002,0.0001,1.0,"[800, 1600]",0.1,128,10,3,8,pooled,local
61,379.6,288.5,91.1,25172.6,,,,,,,,,0.8109,1.706505,1.247711,0.458794,,,,1000,60000,2.00e-04,9,10,2048,800,128,0.0,0.7,"sched(0.9->0.15,hl=7.0)",1.0,0.3,0.25,0.5,0.1,1,0.05,30,1024,1024000,0.98,0.0002,0.0001,1.0,"[800, 1600]",0.1,128,10,3,8,pooled,local
62,391.4,300.4,91.0,25564.0,,,,,,,,,0.8164,1.674179,1.224361,0.449818,,,,1000,61000,2.00e-04,9,10,2048,800,128,0.0,0.7,"sched(0.9->0.15,hl=7.0)",1.0,0.3,0.25,0.5,0.1,1,0.05,30,1024,1024000,0.98,0.0002,0.0001,1.0,"[800, 1600]",0.1,128,10,3,8,pooled,local
63,503.4,412.5,90.9,26067.4,,,,,,,,,0.8191,1.666741,1.221210,0.445531,,,,1000,62000,2.00e-04,9,10,2048,800,128,0.0,0.7,"sched(0.9->0.15,hl=7.0)",1.0,0.3,0.25,0.5,0.1,1,0.05,30,1024,1024000,0.98,0.0002,0.0001,1.0,"[800, 1600]",0.1,128,10,3,8,pooled,local
64,572.5,481.8,90.7,26639.9,,,,,,,,,0.8213,1.662515,1.218845,0.443671,,,,1000,63000,2.00e-04,9,10,2048,800,128,0.0,0.7,"sched(0.9->0.15,hl=7.0)",1.0,0.3,0.25,0.5,0.1,1,0.05,30,1024,1024000,0.98,0.0002,0.0001,1.0,"[800, 1600]",0.1,128,10,3,8,pooled,local
65,409.1,318.3,90.8,27049.0,,,,,,,,,0.8254,1.644430,1.207884,0.436547,,,,1000,64000,2.00e-04,9,10,2048,800,128,0.0,0.7,"sched(0.9->0.15,hl=7.0)",1.0,0.3,0.25,0.5,0.1,1,0.05,30,1024,1024000,0.98,0.0002,0.0001,1.0,"[800, 1600]",0.1,128,10,3,8,pooled,local
66,411.7,320.9,90.8,27460.7,,,,,,,,,0.8281,1.635702,1.204286,0.431417,,,,1000,65000,2.00e-04,9,10,2048,800,128,0.0,0.7,"sched(0.9->0.15,hl=7.0)",1.0,0.3,0.25,0.5,0.1,1,0.05,30,1024,1024000,0.98,0.0002,0.0001,1.0,"[800, 1600]",0.1,128,10,3,8,pooled,local
67,486.8,396.4,90.4,27947.5,,,,,,,,,0.8299,1.627769,1.198941,0.428828,,,,1000,66000,2.00e-04,9,10,2048,800,128,0.0,0.7,"sched(0.9->0.15,hl=7.0)",1.0,0.3,0.25,0.5,0.1,1,0.05,30,1024,1024000,0.98,0.0002,0.0001,1.0,"[800, 1600]",0.1,128,10,3,8,pooled,local
68,420.3,325.8,94.5,28367.8,,,,,,,,,0.8319,1.623333,1.196864,0.426469,,,,1000,67000,2.00e-04,9,10,2048,800,128,0.0,0.7,"sched(0.9->0.15,hl=7.0)",1.0,0.3,0.25,0.5,0.1,1,0.05,30,1024,1024000,0.98,0.0002,0.0001,1.0,"[800, 1600]",0.1,128,10,3,8,pooled,local
69,414.2,321.7,92.5,28782.0,,,,,,,,,0.8229,1.649625,1.200742,0.448883,,,,1000,68000,3.00e-04,9,10,2048,800,128,0.0,0.7,"sched(0.9->0.15,hl=7.0)",1.0,0.3,0.25,0.5,0.1,1,0.05,30,1024,1024000,0.98,0.0003,0.0001,1.0,"[800, 1600]",0.1,128,10,3,8,pooled,local
70,392.6,301.3,91.3,29174.6,,,,,,,,,0.8227,1.647111,1.197138,0.449973,,,,1000,69000,3.00e-04,9,10,2048,800,128,0.0,0.7,"sched(0.9->0.15,hl=7.0)",1.0,0.3,0.25,0.5,0.1,1,0.05,30,1024,1024000,0.98,0.0003,0.0001,1.0,"[800, 1600]",0.1,128,10,3,8,pooled,local
71,400.0,309.1,90.9,29574.6,,,,,,,,,0.8248,1.637165,1.190516,0.446649,,,,1000,70000,3.00e-04,9,10,2048,800,128,0.0,0.7,"sched(0.9->0.15,hl=7.0)",1.0,0.3,0.25,0.5,0.1,1,0.05,30,1024,1024000,0.98,0.0003,0.0001,1.0,"[800, 1600]",0.1,128,10,3,8,pooled,local
72,395.0,304.0,91.0,29969.6,,,,,,,,,0.8273,1.620886,1.178180,0.442706,,,,1000,71000,3.00e-04,9,10,2048,800,128,0.0,0.7,"sched(0.9->0.15,hl=7.0)",1.0,0.3,0.25,0.5,0.1,1,0.05,30,1024,1024000,0.98,0.0003,0.0001,1.0,"[800, 1600]",0.1,128,10,3,8,pooled,local
73,437.5,346.0,91.5,30407.1,,,,,,,,,0.8325,1.586561,1.156543,0.430018,,,,1000,72000,3.00e-04,9,10,2048,800,128,0.0,0.7,"sched(0.9->0.15,hl=7.0)",1.0,0.3,0.25,0.5,0.1,1,0.05,30,1024,1024000,0.98,0.0003,0.0001,1.0,"[800, 1600]",0.1,128,10,3,8,pooled,local
74,539.9,448.1,91.8,30947.0,,,,,,,,,0.8338,1.579045,1.150128,0.428918,,,,1000,73000,3.00e-04,9,10,2048,800,128,0.0,0.7,"sched(0.9->0.15,hl=7.0)",1.0,0.3,0.25,0.5,0.1,1,0.05,30,1024,1024000,0.98,0.0003,0.0001,1.0,"[800, 1600]",0.1,128,10,3,8,pooled,local
75,385.7,293.7,92.0,31332.7,,,,,,,,,0.8363,1.565228,1.141507,0.423722,,,,1000,74000,3.00e-04,9,10,2048,800,128,0.0,0.7,"sched(0.9->0.15,hl=7.0)",1.0,0.3,0.25,0.5,0.1,1,0.05,30,1024,1024000,0.98,0.0003,0.0001,1.0,"[800, 1600]",0.1,128,10,3,8,pooled,local
76,410.4,318.3,92.1,31743.1,,,,,,,,,0.8394,1.542982,1.126030,0.416952,,,,1000,75000,3.00e-04,9,10,2048,800,128,0.0,0.7,"sched(0.9->0.15,hl=7.0)",1.0,0.3,0.25,0.5,0.1,1,0.05,30,1024,1024000,0.98,0.0003,0.0001,1.0,"[800, 1600]",0.1,128,10,3,8,pooled,local
77,435.2,342.6,92.6,32178.3,,,,,,,,,0.8403,1.526727,1.112762,0.413965,,,,1000,76000,3.00e-04,9,10,2048,800,128,0.0,0.7,"sched(0.9->0.15,hl=7.0)",1.0,0.3,0.25,0.5,0.1,1,0.05,30,1024,1024000,0.98,0.0003,0.0001,1.0,"[800, 1600]",0.1,128,10,3,8,pooled,local
78,431.0,338.4,92.6,32609.3,,,,,,,,,0.8408,1.517276,1.104258,0.413017,,,,1000,77000,3.00e-04,9,10,2048,800,128,0.0,0.7,"sched(0.9->0.15,hl=7.0)",1.0,0.3,0.25,0.5,0.1,1,0.05,30,1024,1024000,0.98,0.0003,0.0001,1.0,"[800, 1600]",0.1,128,10,3,8,pooled,local
79,378.4,285.6,92.8,32987.7,,,,,,,,,0.8441,1.493300,1.087290,0.406010,,,,1000,78000,3.00e-04,9,10,2048,800,128,0.0,0.7,"sched(0.9->0.15,hl=7.0)",1.0,0.3,0.25,0.5,0.1,1,0.05,30,1024,1024000,0.98,0.0003,0.0001,1.0,"[800, 1600]",0.1,128,10,3,8,pooled,local
80,1007.3,914.3,93.0,33995.0,,,,,,,,,0.8462,1.476248,1.074325,0.401923,,,,1000,79000,3.00e-04,9,10,2048,800,128,0.0,0.7,"sched(0.9->0.15,hl=7.0)",1.0,0.3,0.25,0.5,0.1,1,0.05,30,1024,1024000,0.98,0.0003,0.0001,1.0,"[800, 1600]",0.1,128,10,3,8,pooled,local
81,365.3,272.2,93.1,34360.3,,,,,,,,,0.8508,1.456419,1.063709,0.392710,,,,1000,80000,3.00e-04,9,10,2048,800,128,0.0,0.7,"sched(0.9->0.15,hl=7.0)",1.0,0.3,0.25,0.5,0.1,1,0.05,30,1024,1024000,0.98,0.0003,0.0001,1.0,"[800, 1600]",0.1,128,10,3,8,pooled,local
82,429.5,335.9,93.6,34789.8,,,,,,,,,0.8532,1.447021,1.058363,0.388658,,,,1000,81000,3.00e-04,9,10,2048,800,128,0.0,0.7,"sched(0.9->0.15,hl=7.0)",1.0,0.3,0.25,0.5,0.1,1,0.05,30,1024,1024000,0.98,0.0003,0.0001,1.0,"[800, 1600]",0.1,128,10,3,8,pooled,local
83,573.1,479.5,93.6,35362.9,,,,,,,,,0.8535,1.443518,1.055018,0.388500,,,,1000,82000,3.00e-04,9,10,2048,800,128,0.0,0.7,"sched(0.9->0.15,hl=7.0)",1.0,0.3,0.25,0.5,0.1,1,0.05,30,1024,1024000,0.98,0.0003,0.0001,1.0,"[800, 1600]",0.1,128,10,3,8,pooled,local
84,454.7,361.2,93.5,35817.6,,,,,,,,,0.8584,1.424682,1.046479,0.378204,,,,1000,83000,3.00e-04,9,10,2048,800,128,0.0,0.7,"sched(0.9->0.15,hl=7.0)",1.0,0.3,0.25,0.5,0.1,1,0.05,30,1024,1024000,0.98,0.0003,0.0001,1.0,"[800, 1600]",0.1,128,10,3,8,pooled,local
85,687.4,591.0,96.4,36505.0,,,,,,,,,0.8568,1.418174,1.037093,0.381081,,,,1000,84000,3.00e-04,9,10,2048,800,128,0.0,0.7,"sched(0.9->0.15,hl=7.0)",1.0,0.3,0.25,0.5,0.1,1,0.05,30,1024,1024000,0.98,0.0003,0.0001,1.0,"[800, 1600]",0.1,128,10,3,8,pooled,local
86,458.9,364.9,94.0,36963.9,,,,,,,,,0.8571,1.404846,1.024975,0.379870,,,,1000,85000,3.00e-04,9,10,2048,800,128,0.0,0.7,"sched(0.9->0.15,hl=7.0)",1.0,0.3,0.25,0.5,0.1,1,0.05,30,1024,1024000,0.98,0.0003,0.0001,1.0,"[800, 1600]",0.1,128,10,3,8,pooled,local
87,353.6,259.1,94.5,37317.5,,,,,,,,,0.8606,1.380148,1.008567,0.371581,,,,1000,86000,3.00e-04,9,10,2048,800,128,0.0,0.7,"sched(0.9->0.15,hl=7.0)",1.0,0.3,0.25,0.5,0.1,1,0.05,30,1024,1024000,0.98,0.0003,0.0001,1.0,"[800, 1600]",0.1,128,10,3,8,pooled,local
88,390.2,289.4,100.8,37707.7,,,,,,,,,0.8622,1.364793,0.995554,0.369238,,,,1000,87000,3.00e-04,9,10,2048,800,128,0.0,0.7,"sched(0.9->0.15,hl=7.0)",1.0,0.3,0.25,0.5,0.1,1,0.05,30,1024,1024000,0.98,0.0003,0.0001,1.0,"[800, 1600]",0.1,128,10,3,8,pooled,local
89,496.0,396.7,99.3,38203.7,,,,,,,,,0.8655,1.361118,0.995210,0.365908,,,,1000,88000,3.00e-04,9,10,2048,800,128,0.0,0.7,"sched(0.9->0.15,hl=7.0)",1.0,0.3,0.25,0.5,0.1,1,0.05,30,1024,1024000,0.98,0.0003,0.0001,1.0,"[800, 1600]",0.1,128,10,3,8,pooled,local
90,388.4,294.2,94.2,38592.1,,,,,,,,,0.8664,1.368555,1.003528,0.365027,,,,1000,89000,3.00e-04,9,10,2048,800,128,0.0,0.7,"sched(0.9->0.15,hl=7.0)",1.0,0.3,0.25,0.5,0.1,1,0.05,30,1024,1024000,0.98,0.0003,0.0001,1.0,"[800, 1600]",0.1,128,10,3,8,pooled,local
91,391.5,293.2,98.3,38983.6,,,,,,,,,0.8643,1.373302,1.004654,0.368648,,,,1000,90000,3.00e-04,9,10,2048,800,128,0.0,0.7,"sched(0.9->0.15,hl=7.0)",1.0,0.3,0.25,0.5,0.1,1,0.05,30,1024,1024000,0.98,0.0003,0.0001,1.0,"[800, 1600]",0.1,128,10,3,8,pooled,local
92,404.6,308.9,95.7,39388.2,,,,,,,,,0.8671,1.365086,1.003099,0.361988,,,,1000,91000,3.00e-04,9,10,2048,800,128,0.0,0.7,"sched(0.9->0.15,hl=7.0)",1.0,0.3,0.25,0.5,0.1,1,0.05,30,1024,1024000,0.98,0.0003,0.0001,1.0,"[800, 1600]",0.1,128,10,3,8,pooled,local
93,369.3,275.0,94.3,39757.5,,,,,,,,,0.8680,1.363356,1.002555,0.360801,,,,1000,92000,3.00e-04,9,10,2048,800,128,0.0,0.7,"sched(0.9->0.15,hl=7.0)",1.0,0.3,0.25,0.5,0.1,1,0.05,30,1024,1024000,0.98,0.0003,0.0001,1.0,"[800, 1600]",0.1,128,10,3,8,pooled,local
94,451.7,357.4,94.3,40209.2,,,,,,,,,0.8671,1.357397,0.994554,0.362843,,,,1000,93000,3.00e-04,9,10,2048,800,128,0.0,0.7,"sched(0.9->0.15,hl=7.0)",1.0,0.3,0.25,0.5,0.1,1,0.05,30,1024,1024000,0.98,0.0003,0.0001,1.0,"[800, 1600]",0.1,128,10,3,8,pooled,local
95,428.9,334.6,94.3,40638.1,,,,,,,,,0.8687,1.354072,0.994320,0.359752,,,,1000,94000,3.00e-04,9,10,2048,800,128,0.0,0.7,"sched(0.9->0.15,hl=7.0)",1.0,0.3,0.25,0.5,0.1,1,0.05,30,1024,1024000,0.98,0.0003,0.0001,1.0,"[800, 1600]",0.1,128,10,3,8,pooled,local
96,379.8,285.3,94.5,41017.9,,,,,,,,,0.8685,1.338063,0.980295,0.357768,,,,1000,95000,3.00e-04,9,10,2048,800,128,0.0,0.7,"sched(0.9->0.15,hl=7.0)",1.0,0.3,0.25,0.5,0.1,1,0.05,30,1024,1024000,0.98,0.0003,0.0001,1.0,"[800, 1600]",0.1,128,10,3,8,pooled,local
97,391.9,297.5,94.4,41409.8,,,,,,,,,0.8700,1.322368,0.969558,0.352809,,,,1000,96000,3.00e-04,9,10,2048,800,128,0.0,0.7,"sched(0.9->0.15,hl=7.0)",1.0,0.3,0.25,0.5,0.1,1,0.05,30,1024,1024000,0.98,0.0003,0.0001,1.0,"[800, 1600]",0.1,128,10,3,8,pooled,local
98,389.8,295.5,94.3,41799.6,,,,,,,,,0.8680,1.314502,0.957933,0.356569,,,,1000,97000,3.00e-04,9,10,2048,800,128,0.0,0.7,"sched(0.9->0.15,hl=7.0)",1.0,0.3,0.25,0.5,0.1,1,0.05,30,1024,1024000,0.98,0.0003,0.0001,1.0,"[800, 1600]",0.1,128,10,3,8,pooled,local
99,408.0,313.4,94.6,42207.6,,,,,,,,,0.8695,1.305251,0.950871,0.354380,,,,1000,98000,3.00e-04,9,10,2048,800,128,0.0,0.7,"sched(0.9->0.15,hl=7.0)",1.0,0.3,0.25,0.5,0.1,1,0.05,30,1024,1024000,0.98,0.0003,0.0001,1.0,"[800, 1600]",0.1,128,10,3,8,pooled,local
100,426.6,331.9,94.7,42634.2,,,,,,,,,0.8710,1.292152,0.942535,0.349616,,,,1000,99000,3.00e-04,9,10,2048,800,128,0.0,0.7,"sched(0.9->0.15,hl=7.0)",1.0,0.3,0.25,0.5,0.1,1,0.05,30,1024,1024000,0.98,0.0003,0.0001,1.0,"[800, 1600]",0.1,128,10,3,8,pooled,local
101,330.5,235.8,94.7,42964.7,,,,,,,,,0.8707,1.283460,0.931691,0.351769,,,,1000,100000,3.00e-04,9,10,2048,800,128,0.0,0.7,"sched(0.9->0.15,hl=7.0)",1.0,0.3,0.25,0.5,0.1,1,0.05,30,1024,1024000,0.98,0.0003,0.0001,1.0,"[800, 1600]",0.1,128,10,3,8,pooled,local
102,408.5,313.7,94.8,43373.2,,,,,,,,,0.8728,1.268434,0.925097,0.343337,,,,1000,101000,3.00e-04,9,10,2048,800,128,0.0,0.7,"sched(0.9->0.15,hl=7.0)",1.0,0.3,0.25,0.5,0.1,1,0.05,30,1024,1024000,0.98,0.0003,0.0001,1.0,"[800, 1600]",0.1,128,10,3,8,pooled,local
103,475.9,372.4,103.5,43849.1,,,,,,,,,0.8689,1.282535,0.931301,0.351234,,,,1000,102000,3.00e-04,9,10,2048,800,128,0.0,0.7,"sched(0.9->0.15,hl=7.0)",1.0,0.3,0.25,0.5,0.1,1,0.05,30,1024,1024000,0.98,0.0003,0.0001,1.0,"[800, 1600]",0.1,128,10,3,8,pooled,local
104,551.1,451.3,99.8,44400.2,,,,,,,,,0.8695,1.276964,0.925956,0.351009,,,,1000,103000,3.00e-04,9,10,2048,800,128,0.0,0.7,"sched(0.9->0.15,hl=7.0)",1.0,0.3,0.25,0.5,0.1,1,0.05,30,1024,1024000,0.98,0.0003,0.0001,1.0,"[800, 1600]",0.1,128,10,3,8,pooled,local
105,402.9,294.9,108.0,44803.1,,,,,,,,,0.8689,1.276586,0.925110,0.351475,,,,1000,104000,3.00e-04,9,10,2048,800,128,0.0,0.7,"sched(0.9->0.15,hl=7.0)",1.0,0.3,0.25,0.5,0.1,1,0.05,30,1024,1024000,0.98,0.0003,0.0001,1.0,"[800, 1600]",0.1,128,10,3,8,pooled,local
106,412.9,317.4,95.5,45216.0,,,,,,,,,0.8694,1.272007,0.922790,0.349217,,,,1000,105000,3.00e-04,9,10,2048,800,128,0.0,0.7,"sched(0.9->0.15,hl=7.0)",1.0,0.3,0.25,0.5,0.1,1,0.05,30,1024,1024000,0.98,0.0003,0.0001,1.0,"[800, 1600]",0.1,128,10,3,8,pooled,local
107,541.4,445.2,96.2,45757.4,,,,,,,,,0.8702,1.267199,0.918370,0.348829,,,,1000,106000,3.00e-04,9,10,2048,800,128,0.0,0.7,"sched(0.9->0.15,hl=7.0)",1.0,0.3,0.25,0.5,0.1,1,0.05,30,1024,1024000,0.98,0.0003,0.0001,1.0,"[800, 1600]",0.1,128,10,3,8,pooled,local
108,495.2,399.6,95.6,46252.6,,,,,,,,,0.8729,1.249833,0.907010,0.342823,,,,1000,107000,3.00e-04,9,10,2048,800,128,0.0,0.7,"sched(0.9->0.15,hl=7.0)",1.0,0.3,0.25,0.5,0.1,1,0.05,30,1024,1024000,0.98,0.0003,0.0001,1.0,"[800, 1600]",0.1,128,10,3,8,pooled,local
109,565.7,467.8,97.9,46818.3,,,,,,,,,0.8746,1.229816,0.892146,0.337670,,,,1000,108000,3.00e-04,9,10,2048,800,128,0.0,0.7,"sched(0.9->0.15,hl=7.0)",1.0,0.3,0.25,0.5,0.1,1,0.05,30,1024,1024000,0.98,0.0003,0.0001,1.0,"[800, 1600]",0.1,128,10,3,8,pooled,local
110,398.8,301.0,97.8,47217.1,,,,,,,,,0.8753,1.226396,0.890588,0.335808,,,,1000,109000,3.00e-04,9,10,2048,800,128,0.0,0.7,"sched(0.9->0.15,hl=7.0)",1.0,0.3,0.25,0.5,0.1,1,0.05,30,1024,1024000,0.98,0.0003,0.0001,1.0,"[800, 1600]",0.1,128,10,3,8,pooled,local
111,380.8,285.2,95.6,47597.9,,,,,,,,,0.8724,1.229248,0.887056,0.342192,,,,1000,110000,3.00e-04,9,10,2048,800,128,0.0,0.7,"sched(0.9->0.15,hl=7.0)",1.0,0.3,0.25,0.5,0.1,1,0.05,30,1024,1024000,0.98,0.0003,0.0001,1.0,"[800, 1600]",0.1,128,10,3,8,pooled,local
112,418.9,323.2,95.7,48016.8,,,,,,,,,0.8718,1.222748,0.881534,0.341213,,,,1000,111000,3.00e-04,9,10,2048,800,128,0.0,0.7,"sched(0.9->0.15,hl=7.0)",1.0,0.3,0.25,0.5,0.1,1,0.05,30,1024,1024000,0.98,0.0003,0.0001,1.0,"[800, 1600]",0.1,128,10,3,8,pooled,local
113,370.9,275.0,95.9,48387.7,,,,,,,,,0.8711,1.208763,0.867395,0.341368,,,,1000,112000,3.00e-04,9,10,2048,800,128,0.0,0.7,"sched(0.9->0.15,hl=7.0)",1.0,0.3,0.25,0.5,0.1,1,0.05,30,1024,1024000,0.98,0.0003,0.0001,1.0,"[800, 1600]",0.1,128,10,3,8,pooled,local
114,386.3,290.3,96.0,48774.0,,,,,,,,,0.8689,1.211578,0.865684,0.345894,,,,1000,113000,3.00e-04,9,10,2048,800,128,0.0,0.7,"sched(0.9->0.15,hl=7.0)",1.0,0.3,0.25,0.5,0.1,1,0.05,30,1024,1024000,0.98,0.0003,0.0001,1.0,"[800, 1600]",0.1,128,10,3,8,pooled,local
115,458.6,362.6,96.0,49232.6,,,,,,,,,0.8674,1.212767,0.864439,0.348328,,,,1000,114000,3.00e-04,9,10,2048,800,128,0.0,0.7,"sched(0.9->0.15,hl=7.0)",1.0,0.3,0.25,0.5,0.1,1,0.05,30,1024,1024000,0.98,0.0003,0.0001,1.0,"[800, 1600]",0.1,128,10,3,8,pooled,local
116,404.4,308.3,96.1,49637.0,,,,,,,,,0.8675,1.213936,0.865992,0.347944,,,,1000,115000,3.00e-04,9,10,2048,800,128,0.0,0.7,"sched(0.9->0.15,hl=7.0)",1.0,0.3,0.25,0.5,0.1,1,0.05,30,1024,1024000,0.98,0.0003,0.0001,1.0,"[800, 1600]",0.1,128,10,3,8,pooled,local
117,367.5,271.6,95.9,50004.5,,,,,,,,,0.8661,1.219990,0.869371,0.350619,,,,1000,116000,3.00e-04,9,10,2048,800,128,0.0,0.7,"sched(0.9->0.15,hl=7.0)",1.0,0.3,0.25,0.5,0.1,1,0.05,30,1024,1024000,0.98,0.0003,0.0001,1.0,"[800, 1600]",0.1,128,10,3,8,pooled,local
118,375.8,279.8,96.0,50380.3,,,,,,,,,0.8659,1.222730,0.872252,0.350477,,,,1000,117000,3.00e-04,9,10,2048,800,128,0.0,0.7,"sched(0.9->0.15,hl=7.0)",1.0,0.3,0.25,0.5,0.1,1,0.05,30,1024,1024000,0.98,0.0003,0.0001,1.0,"[800, 1600]",0.1,128,10,3,8,pooled,local
119,384.3,288.2,96.1,50764.6,,,,,,,,,0.8678,1.217140,0.871114,0.346026,,,,1000,118000,3.00e-04,9,10,2048,800,128,0.0,0.7,"sched(0.9->0.15,hl=7.0)",1.0,0.3,0.25,0.5,0.1,1,0.05,30,1024,1024000,0.98,0.0003,0.0001,1.0,"[800, 1600]",0.1,128,10,3,8,pooled,local
120,518.1,420.0,98.1,51282.7,,,,,,,,,0.8691,1.206529,0.861778,0.344751,,,,1000,119000,3.00e-04,9,10,2048,800,128,0.0,0.7,"sched(0.9->0.15,hl=7.0)",1.0,0.3,0.25,0.5,0.1,1,0.05,30,1024,1024000,0.98,0.0003,0.0001,1.0,"[800, 1600]",0.1,128,10,3,8,pooled,local
121,410.7,313.8,96.9,51693.4,,,,,,,,,0.8691,1.203840,0.858762,0.345078,,,,1000,120000,3.00e-04,9,10,2048,800,128,0.0,0.7,"sched(0.9->0.15,hl=7.0)",1.0,0.3,0.25,0.5,0.1,1,0.05,30,1024,1024000,0.98,0.0003,0.0001,1.0,"[800, 1600]",0.1,128,10,3,8,pooled,local
122,301.8,204.9,96.9,51995.2,,,,,,,,,0.8684,1.212041,0.864260,0.347781,,,,1000,121000,3.00e-04,9,10,2048,800,128,0.0,0.7,"sched(0.9->0.15,hl=7.0)",1.0,0.3,0.25,0.5,0.1,1,0.05,30,1024,1024000,0.98,0.0003,0.0001,1.0,"[800, 1600]",0.1,128,10,3,8,pooled,local
123,368.9,272.0,96.9,52364.1,,,,,,,,,0.8684,1.210970,0.865554,0.345416,,,,1000,122000,3.00e-04,9,10,2048,800,128,0.0,0.7,"sched(0.9->0.15,hl=7.0)",1.0,0.3,0.25,0.5,0.1,1,0.05,30,1024,1024000,0.98,0.0003,0.0001,1.0,"[800, 1600]",0.1,128,10,3,8,pooled,local
124,366.4,269.5,96.9,52730.5,,,,,,,,,0.8665,1.207696,0.860606,0.347090,,,,1000,123000,3.00e-04,9,10,2048,800,128,0.0,0.7,"sched(0.9->0.15,hl=7.0)",1.0,0.3,0.25,0.5,0.1,1,0.05,30,1024,1024000,0.98,0.0003,0.0001,1.0,"[800, 1600]",0.1,128,10,3,8,pooled,local
125,358.6,261.5,97.1,53089.1,,,,,,,,,0.8657,1.203484,0.855312,0.348172,,,,1000,124000,3.00e-04,9,10,2048,800,128,0.0,0.7,"sched(0.9->0.15,hl=7.0)",1.0,0.3,0.25,0.5,0.1,1,0.05,30,1024,1024000,0.98,0.0003,0.0001,1.0,"[800, 1600]",0.1,128,10,3,8,pooled,local
126,408.0,311.1,96.9,53497.1,,,,,,,,,0.8657,1.209227,0.859397,0.349830,,,,1000,125000,3.00e-04,9,10,2048,800,128,0.0,0.7,"sched(0.9->0.15,hl=7.0)",1.0,0.3,0.25,0.5,0.1,1,0.05,30,1024,1024000,0.98,0.0003,0.0001,1.0,"[800, 1600]",0.1,128,10,3,8,pooled,local
127,356.2,259.4,96.8,53853.3,,,,,,,,,0.8654,1.206487,0.856961,0.349526,,,,1000,126000,3.00e-04,9,10,2048,800,128,0.0,0.7,"sched(0.9->0.15,hl=7.0)",1.0,0.3,0.25,0.5,0.1,1,0.05,30,1024,1024000,0.98,0.0003,0.0001,1.0,"[800, 1600]",0.1,128,10,3,8,pooled,local
128,335.9,238.9,97.0,54189.2,,,,,,,,,0.8661,1.191300,0.847341,0.343959,,,,1000,127000,3.00e-04,9,10,2048,800,128,0.0,0.7,"sched(0.9->0.15,hl=7.0)",1.0,0.3,0.25,0.5,0.1,1,0.05,30,1024,1024000,0.98,0.0003,0.0001,1.0,"[800, 1600]",0.1,128,10,3,8,pooled,local
129,353.0,256.0,97.0,54542.2,,,,,,,,,0.8687,1.180867,0.839727,0.341141,,,,1000,128000,3.00e-04,9,10,2048,800,128,0.0,0.7,"sched(0.9->0.15,hl=7.0)",1.0,0.3,0.25,0.5,0.1,1,0.05,30,1024,1024000,0.98,0.0003,0.0001,1.0,"[800, 1600]",0.1,128,10,3,8,pooled,local
130,387.8,291.3,96.5,54930.0,,,,,,,,,0.8656,1.188614,0.841545,0.347069,,,,1000,129000,3.00e-04,9,10,2048,800,128,0.0,0.7,"sched(0.9->0.15,hl=7.0)",1.0,0.3,0.25,0.5,0.1,1,0.05,30,1024,1024000,0.98,0.0003,0.0001,1.0,"[800, 1600]",0.1,128,10,3,8,pooled,local
131,688.8,592.4,96.4,55618.8,,,,,,,,,0.8673,1.178465,0.835468,0.342998,,,,1000,130000,3.00e-04,9,10,2048,800,128,0.0,0.7,"sched(0.9->0.15,hl=7.0)",1.0,0.3,0.25,0.5,0.1,1,0.05,30,1024,1024000,0.98,0.0003,0.0001,1.0,"[800, 1600]",0.1,128,10,3,8,pooled,local
132,387.4,291.0,96.4,56006.2,,,,,,,,,0.8668,1.190370,0.844375,0.345995,,,,1000,131000,3.00e-04,9,10,2048,800,128,0.0,0.7,"sched(0.9->0.15,hl=7.0)",1.0,0.3,0.25,0.5,0.1,1,0.05,30,1024,1024000,0.98,0.0003,0.0001,1.0,"[800, 1600]",0.1,128,10,3,8,pooled,local
133,356.8,260.4,96.4,56363.0,,,,,,,,,0.8665,1.191906,0.844490,0.347416,,,,1000,132000,3.00e-04,9,10,2048,800,128,0.0,0.7,"sched(0.9->0.15,hl=7.0)",1.0,0.3,0.25,0.5,0.1,1,0.05,30,1024,1024000,0.98,0.0003,0.0001,1.0,"[800, 1600]",0.1,128,10,3,8,pooled,local
134,415.3,318.8,96.5,56778.3,,,,,,,,,0.8737,1.160877,0.828777,0.332099,,,,1000,133000,3.00e-04,9,10,2048,800,128,0.0,0.7,"sched(0.9->0.15,hl=7.0)",1.0,0.3,0.25,0.5,0.1,1,0.05,30,1024,1024000,0.98,0.0003,0.0001,1.0,"[800, 1600]",0.1,128,10,3,8,pooled,local
135,408.3,312.0,96.3,57186.6,,,,,,,,,0.8732,1.163492,0.828689,0.334802,,,,1000,134000,3.00e-04,9,10,2048,800,128,0.0,0.7,"sched(0.9->0.15,hl=7.0)",1.0,0.3,0.25,0.5,0.1,1,0.05,30,1024,1024000,0.98,0.0003,0.0001,1.0,"[800, 1600]",0.1,128,10,3,8,pooled,local
136,387.3,290.9,96.4,57573.9,,,,,,,,,0.8737,1.164424,0.830402,0.334022,,,,1000,135000,3.00e-04,9,10,2048,800,128,0.0,0.7,"sched(0.9->0.15,hl=7.0)",1.0,0.3,0.25,0.5,0.1,1,0.05,30,1024,1024000,0.98,0.0003,0.0001,1.0,"[800, 1600]",0.1,128,10,3,8,pooled,local
137,466.1,369.7,96.4,58040.0,,,,,,,,,0.8740,1.157986,0.826157,0.331829,,,,1000,136000,3.00e-04,9,10,2048,800,128,0.0,0.7,"sched(0.9->0.15,hl=7.0)",1.0,0.3,0.25,0.5,0.1,1,0.05,30,1024,1024000,0.98,0.0003,0.0001,1.0,"[800, 1600]",0.1,128,10,3,8,pooled,local
138,364.5,268.2,96.3,58404.5,,,,,,,,,0.8718,1.169877,0.832803,0.337074,,,,1000,137000,3.00e-04,9,10,2048,800,128,0.0,0.7,"sched(0.9->0.15,hl=7.0)",1.0,0.3,0.25,0.5,0.1,1,0.05,30,1024,1024000,0.98,0.0003,0.0001,1.0,"[800, 1600]",0.1,128,10,3,8,pooled,local
139,364.4,268.2,96.2,58768.9,,,,,,,,,0.8699,1.183886,0.842846,0.341039,,,,1000,138000,3.00e-04,9,10,2048,800,128,0.0,0.7,"sched(0.9->0.15,hl=7.0)",1.0,0.3,0.25,0.5,0.1,1,0.05,30,1024,1024000,0.98,0.0003,0.0001,1.0,"[800, 1600]",0.1,128,10,3,8,pooled,local
140,349.7,253.5,96.2,59118.6,,,,,,,,,0.8674,1.195491,0.848599,0.346892,,,,1000,139000,3.00e-04,9,10,2048,800,128,0.0,0.7,"sched(0.9->0.15,hl=7.0)",1.0,0.3,0.25,0.5,0.1,1,0.05,30,1024,1024000,0.98,0.0003,0.0001,1.0,"[800, 1600]",0.1,128,10,3,8,pooled,local
141,537.5,441.3,96.2,59656.1,,,,,,,,,0.8675,1.193983,0.848520,0.345462,,,,1000,140000,3.00e-04,9,10,2048,800,128,0.0,0.7,"sched(0.9->0.15,hl=7.0)",1.0,0.3,0.25,0.5,0.1,1,0.05,30,1024,1024000,0.98,0.0003,0.0001,1.0,"[800, 1600]",0.1,128,10,3,8,pooled,local
142,392.9,296.9,96.0,60049.0,,,,,,,,,0.8674,1.194867,0.849453,0.345414,,,,1000,141000,3.00e-04,9,10,2048,800,128,0.0,0.7,"sched(0.9->0.15,hl=7.0)",1.0,0.3,0.25,0.5,0.1,1,0.05,30,1024,1024000,0.98,0.0003,0.0001,1.0,"[800, 1600]",0.1,128,10,3,8,pooled,local
143,594.2,498.4,95.8,60643.2,,,,,,,,,0.8655,1.208418,0.858020,0.350398,,,,1000,142000,3.00e-04,9,10,2048,800,128,0.0,0.7,"sched(0.9->0.15,hl=7.0)",1.0,0.3,0.25,0.5,0.1,1,0.05,30,1024,1024000,0.98,0.0003,0.0001,1.0,"[800, 1600]",0.1,128,10,3,8,pooled,local
144,370.1,274.1,96.0,61013.3,,,,,,,,,0.8639,1.198879,0.847602,0.351277,,,,1000,143000,3.00e-04,9,10,2048,800,128,0.0,0.7,"sched(0.9->0.15,hl=7.0)",1.0,0.3,0.25,0.5,0.1,1,0.05,30,1024,1024000,0.98,0.0003,0.0001,1.0,"[800, 1600]",0.1,128,10,3,8,pooled,local
145,382.9,286.8,96.1,61396.2,,,,,,,,,0.8632,1.203299,0.849251,0.354048,,,,1000,144000,3.00e-04,9,10,2048,800,128,0.0,0.7,"sched(0.9->0.15,hl=7.0)",1.0,0.3,0.25,0.5,0.1,1,0.05,30,1024,1024000,0.98,0.0003,0.0001,1.0,"[800, 1600]",0.1,128,10,3,8,pooled,local
146,382.0,285.6,96.4,61778.2,,,,,,,,,0.8632,1.202474,0.848092,0.354382,,,,1000,145000,3.00e-04,9,10,2048,800,128,0.0,0.7,"sched(0.9->0.15,hl=7.0)",1.0,0.3,0.25,0.5,0.1,1,0.05,30,1024,1024000,0.98,0.0003,0.0001,1.0,"[800, 1600]",0.1,128,10,3,8,pooled,local
147,396.8,300.2,96.6,62175.0,,,,,,,,,0.8625,1.196849,0.842137,0.354712,,,,1000,146000,3.00e-04,9,10,2048,800,128,0.0,0.7,"sched(0.9->0.15,hl=7.0)",1.0,0.3,0.25,0.5,0.1,1,0.05,30,1024,1024000,0.98,0.0003,0.0001,1.0,"[800, 1600]",0.1,128,10,3,8,pooled,local
148,489.0,392.3,96.7,62664.0,,,,,,,,,0.8613,1.205875,0.848527,0.357348,,,,1000,147000,3.00e-04,9,10,2048,800,128,0.0,0.7,"sched(0.9->0.15,hl=7.0)",1.0,0.3,0.25,0.5,0.1,1,0.05,30,1024,1024000,0.98,0.0003,0.0001,1.0,"[800, 1600]",0.1,128,10,3,8,pooled,local
149,493.6,396.9,96.7,63157.6,,,,,,,,,0.8595,1.199815,0.841920,0.357896,,,,1000,148000,3.00e-04,9,10,2048,800,128,0.0,0.7,"sched(0.9->0.15,hl=7.0)",1.0,0.3,0.25,0.5,0.1,1,0.05,30,1024,1024000,0.98,0.0003,0.0001,1.0,"[800, 1600]",0.1,128,10,3,8,pooled,local
150,373.4,276.6,96.8,63531.0,,,,,,,,,0.8580,1.203080,0.841386,0.361694,,,,1000,149000,3.00e-04,9,10,2048,800,128,0.0,0.7,"sched(0.9->0.15,hl=7.0)",1.0,0.3,0.25,0.5,0.1,1,0.05,30,1024,1024000,0.98,0.0003,0.0001,1.0,"[800, 1600]",0.1,128,10,3,8,pooled,local
151,402.3,305.9,96.4,63933.3,,,,,,,,,0.8580,1.205339,0.844129,0.361210,,,,1000,150000,3.00e-04,9,10,2048,800,128,0.0,0.7,"sched(0.9->0.15,hl=7.0)",1.0,0.3,0.25,0.5,0.1,1,0.05,30,1024,1024000,0.98,0.0003,0.0001,1.0,"[800, 1600]",0.1,128,10,3,8,pooled,local
152,452.1,355.7,96.4,64385.4,,,,,,,,,0.8580,1.205531,0.842272,0.363259,,,,1000,151000,3.00e-04,9,10,2048,800,128,0.0,0.7,"sched(0.9->0.15,hl=7.0)",1.0,0.3,0.25,0.5,0.1,1,0.05,30,1024,1024000,0.98,0.0003,0.0001,1.0,"[800, 1600]",0.1,128,10,3,8,pooled,local
153,365.4,268.3,97.1,64750.8,,,,,,,,,0.8580,1.192147,0.830368,0.361780,,,,1000,152000,3.00e-04,9,10,2048,800,128,0.0,0.7,"sched(0.9->0.15,hl=7.0)",1.0,0.3,0.25,0.5,0.1,1,0.05,30,1024,1024000,0.98,0.0003,0.0001,1.0,"[800, 1600]",0.1,128,10,3,8,pooled,local
154,394.3,297.0,97.3,65145.1,,,,,,,,,0.8586,1.192275,0.832334,0.359941,,,,1000,153000,3.00e-04,9,10,2048,800,128,0.0,0.7,"sched(0.9->0.15,hl=7.0)",1.0,0.3,0.25,0.5,0.1,1,0.05,30,1024,1024000,0.98,0.0003,0.0001,1.0,"[800, 1600]",0.1,128,10,3,8,pooled,local
155,354.5,257.6,96.9,65499.6,,,,,,,,,0.8577,1.187747,0.828981,0.358767,,,,1000,154000,3.00e-04,9,10,2048,800,128,0.0,0.7,"sched(0.9->0.15,hl=7.0)",1.0,0.3,0.25,0.5,0.1,1,0.05,30,1024,1024000,0.98,0.0003,0.0001,1.0,"[800, 1600]",0.1,128,10,3,8,pooled,local
156,400.3,303.4,96.9,65899.9,,,,,,,,,0.8580,1.184838,0.825287,0.359551,,,,1000,155000,3.00e-04,9,10,2048,800,128,0.0,0.7,"sched(0.9->0.15,hl=7.0)",1.0,0.3,0.25,0.5,0.1,1,0.05,30,1024,1024000,0.98,0.0003,0.0001,1.0,"[800, 1600]",0.1,128,10,3,8,pooled,local
157,484.9,387.9,97.0,66384.8,,,,,,,,,0.8577,1.187402,0.826065,0.361337,,,,1000,156000,3.00e-04,9,10,2048,800,128,0.0,0.7,"sched(0.9->0.15,hl=7.0)",1.0,0.3,0.25,0.5,0.1,1,0.05,30,1024,1024000,0.98,0.0003,0.0001,1.0,"[800, 1600]",0.1,128,10,3,8,pooled,local
158,411.0,314.2,96.8,66795.8,,,,,,,,,0.8589,1.190746,0.830426,0.360320,,,,1000,157000,3.00e-04,9,10,2048,800,128,0.0,0.7,"sched(0.9->0.15,hl=7.0)",1.0,0.3,0.25,0.5,0.1,1,0.05,30,1024,1024000,0.98,0.0003,0.0001,1.0,"[800, 1600]",0.1,128,10,3,8,pooled,local
159,398.3,301.4,96.9,67194.1,,,,,,,,,0.8586,1.182929,0.824540,0.358389,,,,1000,158000,3.00e-04,9,10,2048,800,128,0.0,0.7,"sched(0.9->0.15,hl=7.0)",1.0,0.3,0.25,0.5,0.1,1,0.05,30,1024,1024000,0.98,0.0003,0.0001,1.0,"[800, 1600]",0.1,128,10,3,8,pooled,local
160,464.7,368.0,96.7,67658.8,,,,,,,,,0.8584,1.187199,0.829042,0.358156,,,,1000,159000,3.00e-04,9,10,2048,800,128,0.0,0.7,"sched(0.9->0.15,hl=7.0)",1.0,0.3,0.25,0.5,0.1,1,0.05,30,1024,1024000,0.98,0.0003,0.0001,1.0,"[800, 1600]",0.1,128,10,3,8,pooled,local
161,435.2,338.6,96.6,68094.0,,,,,,,,,0.8566,1.196168,0.834554,0.361614,,,,1000,160000,3.00e-04,9,10,2048,800,128,0.0,0.7,"sched(0.9->0.15,hl=7.0)",1.0,0.3,0.25,0.5,0.1,1,0.05,30,1024,1024000,0.98,0.0003,0.0001,1.0,"[800, 1600]",0.1,128,10,3,8,pooled,local
162,454.6,357.8,96.8,68548.6,,,,,,,,,0.8549,1.190672,0.826959,0.363713,,,,1000,161000,3.00e-04,9,10,2048,800,128,0.0,0.7,"sched(0.9->0.15,hl=7.0)",1.0,0.3,0.25,0.5,0.1,1,0.05,30,1024,1024000,0.98,0.0003,0.0001,1.0,"[800, 1600]",0.1,128,10,3,8,pooled,local
163,397.9,301.1,96.8,68946.5,,,,,,,,,0.8549,1.179642,0.817296,0.362346,,,,1000,162000,3.00e-04,9,10,2048,800,128,0.0,0.7,"sched(0.9->0.15,hl=7.0)",1.0,0.3,0.25,0.5,0.1,1,0.05,30,1024,1024000,0.98,0.0003,0.0001,1.0,"[800, 1600]",0.1,128,10,3,8,pooled,local
164,395.0,298.2,96.8,69341.5,,,,,,,,,0.8523,1.188531,0.822889,0.365642,,,,1000,163000,3.00e-04,9,10,2048,800,128,0.0,0.7,"sched(0.9->0.15,hl=7.0)",1.0,0.3,0.25,0.5,0.1,1,0.05,30,1024,1024000,0.98,0.0003,0.0001,1.0,"[800, 1600]",0.1,128,10,3,8,pooled,local
165,395.9,299.4,96.5,69737.4,,,,,,,,,0.8512,1.187536,0.819860,0.367675,,,,1000,164000,3.00e-04,9,10,2048,800,128,0.0,0.7,"sched(0.9->0.15,hl=7.0)",1.0,0.3,0.25,0.5,0.1,1,0.05,30,1024,1024000,0.98,0.0003,0.0001,1.0,"[800, 1600]",0.1,128,10,3,8,pooled,local
166,483.1,386.7,96.4,70220.5,,,,,,,,,0.8510,1.174379,0.809386,0.364993,,,,1000,165000,3.00e-04,9,10,2048,800,128,0.0,0.7,"sched(0.9->0.15,hl=7.0)",1.0,0.3,0.25,0.5,0.1,1,0.05,30,1024,1024000,0.98,0.0003,0.0001,1.0,"[800, 1600]",0.1,128,10,3,8,pooled,local
167,392.6,296.7,95.9,70613.1,,,,,,,,,0.8500,1.170664,0.805411,0.365252,,,,1000,166000,3.00e-04,9,10,2048,800,128,0.0,0.7,"sched(0.9->0.15,hl=7.0)",1.0,0.3,0.25,0.5,0.1,1,0.05,30,1024,1024000,0.98,0.0003,0.0001,1.0,"[800, 1600]",0.1,128,10,3,8,pooled,local
168,437.5,341.8,95.7,71050.6,,,,,,,,,0.8523,1.171411,0.806782,0.364629,,,,1000,167000,3.00e-04,9,10,2048,800,128,0.0,0.7,"sched(0.9->0.15,hl=7.0)",1.0,0.3,0.25,0.5,0.1,1,0.05,30,1024,1024000,0.98,0.0003,0.0001,1.0,"[800, 1600]",0.1,128,10,3,8,pooled,local
169,461.4,365.6,95.8,71512.0,,,,,,,,,0.8510,1.170687,0.804514,0.366173,,,,1000,168000,3.00e-04,9,10,2048,800,128,0.0,0.7,"sched(0.9->0.15,hl=7.0)",1.0,0.3,0.25,0.5,0.1,1,0.05,30,1024,1024000,0.98,0.0003,0.0001,1.0,"[800, 1600]",0.1,128,10,3,8,pooled,local
170,335.4,239.7,95.7,71847.4,,,,,,,,,0.8533,1.154342,0.792030,0.362313,,,,1000,169000,3.00e-04,9,10,2048,800,128,0.0,0.7,"sched(0.9->0.15,hl=7.0)",1.0,0.3,0.25,0.5,0.1,1,0.05,30,1024,1024000,0.98,0.0003,0.0001,1.0,"[800, 1600]",0.1,128,10,3,8,pooled,local
171,527.9,432.1,95.8,72375.3,,,,,,,,,0.8540,1.159488,0.796934,0.362553,,,,1000,170000,3.00e-04,9,10,2048,800,128,0.0,0.7,"sched(0.9->0.15,hl=7.0)",1.0,0.3,0.25,0.5,0.1,1,0.05,30,1024,1024000,0.98,0.0003,0.0001,1.0,"[800, 1600]",0.1,128,10,3,8,pooled,local
172,390.3,294.6,95.7,72765.6,,,,,,,,,0.8537,1.151799,0.789912,0.361886,,,,1000,171000,3.00e-04,9,10,2048,800,128,0.0,0.7,"sched(0.9->0.15,hl=7.0)",1.0,0.3,0.25,0.5,0.1,1,0.05,30,1024,1024000,0.98,0.0003,0.0001,1.0,"[800, 1600]",0.1,128,10,3,8,pooled,local
173,535.6,439.8,95.8,73301.2,,,,,,,,,0.8551,1.140355,0.782695,0.357659,,,,1000,172000,3.00e-04,9,10,2048,800,128,0.0,0.7,"sched(0.9->0.15,hl=7.0)",1.0,0.3,0.25,0.5,0.1,1,0.05,30,1024,1024000,0.98,0.0003,0.0001,1.0,"[800, 1600]",0.1,128,10,3,8,pooled,local
174,393.9,298.5,95.4,73695.1,,,,,,,,,0.8552,1.148168,0.789316,0.358852,,,,1000,173000,3.00e-04,9,10,2048,800,128,0.0,0.7,"sched(0.9->0.15,hl=7.0)",1.0,0.3,0.25,0.5,0.1,1,0.05,30,1024,1024000,0.98,0.0003,0.0001,1.0,"[800, 1600]",0.1,128,10,3,8,pooled,local
175,400.9,305.7,95.2,74096.0,,,,,,,,,0.8575,1.150822,0.794785,0.356037,,,,1000,174000,3.00e-04,9,10,2048,800,128,0.0,0.7,"sched(0.9->0.15,hl=7.0)",1.0,0.3,0.25,0.5,0.1,1,0.05,30,1024,1024000,0.98,0.0003,0.0001,1.0,"[800, 1600]",0.1,128,10,3,8,pooled,local
176,416.9,321.9,95.0,74512.9,,,,,,,,,0.8578,1.156557,0.800040,0.356517,,,,1000,175000,3.00e-04,9,10,2048,800,128,0.0,0.7,"sched(0.9->0.15,hl=7.0)",1.0,0.3,0.25,0.5,0.1,1,0.05,30,1024,1024000,0.98,0.0003,0.0001,1.0,"[800, 1600]",0.1,128,10,3,8,pooled,local
177,336.4,241.1,95.3,74849.3,,,,,,,,,0.8608,1.153637,0.802216,0.351420,,,,1000,176000,3.00e-04,9,10,2048,800,128,0.0,0.7,"sched(0.9->0.15,hl=7.0)",1.0,0.3,0.25,0.5,0.1,1,0.05,30,1024,1024000,0.98,0.0003,0.0001,1.0,"[800, 1600]",0.1,128,10,3,8,pooled,local
178,355.8,260.9,94.9,75205.1,,,,,,,,,0.8598,1.149548,0.795015,0.354533,,,,1000,177000,3.00e-04,9,10,2048,800,128,0.0,0.7,"sched(0.9->0.15,hl=7.0)",1.0,0.3,0.25,0.5,0.1,1,0.05,30,1024,1024000,0.98,0.0003,0.0001,1.0,"[800, 1600]",0.1,128,10,3,8,pooled,local
179,435.3,341.0,94.3,75640.4,,,,,,,,,0.8612,1.160079,0.806076,0.354003,,,,1000,178000,3.00e-04,9,10,2048,800,128,0.0,0.7,"sched(0.9->0.15,hl=7.0)",1.0,0.3,0.25,0.5,0.1,1,0.05,30,1024,1024000,0.98,0.0003,0.0001,1.0,"[800, 1600]",0.1,128,10,3,8,pooled,local
180,414.2,320.0,94.2,76054.6,,,,,,,,,0.8641,1.157018,0.807426,0.349592,,,,1000,179000,3.00e-04,9,10,2048,800,128,0.0,0.7,"sched(0.9->0.15,hl=7.0)",1.0,0.3,0.25,0.5,0.1,1,0.05,30,1024,1024000,0.98,0.0003,0.0001,1.0,"[800, 1600]",0.1,128,10,3,8,pooled,local
181,476.0,381.9,94.1,76530.6,,,,,,,,,0.8652,1.158823,0.811433,0.347390,,,,1000,180000,3.00e-04,9,10,2048,800,128,0.0,0.7,"sched(0.9->0.15,hl=7.0)",1.0,0.3,0.25,0.5,0.1,1,0.05,30,1024,1024000,0.98,0.0003,0.0001,1.0,"[800, 1600]",0.1,128,10,3,8,pooled,local
182,589.6,495.5,94.1,77120.2,,,,,,,,,0.8649,1.164751,0.817225,0.347525,,,,1000,181000,3.00e-04,9,10,2048,800,128,0.0,0.7,"sched(0.9->0.15,hl=7.0)",1.0,0.3,0.25,0.5,0.1,1,0.05,30,1024,1024000,0.98,0.0003,0.0001,1.0,"[800, 1600]",0.1,128,10,3,8,pooled,local
183,345.9,251.7,94.2,77466.1,,,,,,,,,0.8684,1.142038,0.804757,0.337281,,,,1000,182000,3.00e-04,9,10,2048,800,128,0.0,0.7,"sched(0.9->0.15,hl=7.0)",1.0,0.3,0.25,0.5,0.1,1,0.05,30,1024,1024000,0.98,0.0003,0.0001,1.0,"[800, 1600]",0.1,128,10,3,8,pooled,local
184,574.4,480.8,93.6,78040.5,,,,,,,,,0.8660,1.144770,0.805035,0.339735,,,,1000,183000,3.00e-04,9,10,2048,800,128,0.0,0.7,"sched(0.9->0.15,hl=7.0)",1.0,0.3,0.25,0.5,0.1,1,0.05,30,1024,1024000,0.98,0.0003,0.0001,1.0,"[800, 1600]",0.1,128,10,3,8,pooled,local
185,346.7,253.3,93.4,78387.2,,,,,,,,,0.8662,1.149217,0.807477,0.341739,,,,1000,184000,3.00e-04,9,10,2048,800,128,0.0,0.7,"sched(0.9->0.15,hl=7.0)",1.0,0.3,0.25,0.5,0.1,1,0.05,30,1024,1024000,0.98,0.0003,0.0001,1.0,"[800, 1600]",0.1,128,10,3,8,pooled,local
186,364.1,267.4,96.7,78751.3,,,,,,,,,0.8668,1.140258,0.801168,0.339090,,,,1000,185000,3.00e-04,9,10,2048,800,128,0.0,0.7,"sched(0.9->0.15,hl=7.0)",1.0,0.3,0.25,0.5,0.1,1,0.05,30,1024,1024000,0.98,0.0003,0.0001,1.0,"[800, 1600]",0.1,128,10,3,8,pooled,local
187,456.9,361.6,95.3,79208.2,,,,,,,,,0.8687,1.143078,0.806427,0.336651,,,,1000,186000,3.00e-04,9,10,2048,800,128,0.0,0.7,"sched(0.9->0.15,hl=7.0)",1.0,0.3,0.25,0.5,0.1,1,0.05,30,1024,1024000,0.98,0.0003,0.0001,1.0,"[800, 1600]",0.1,128,10,3,8,pooled,local
188,340.8,245.4,95.4,79549.0,,,,,,,,,0.8684,1.141596,0.803046,0.338550,,,,1000,187000,3.00e-04,9,10,2048,800,128,0.0,0.7,"sched(0.9->0.15,hl=7.0)",1.0,0.3,0.25,0.5,0.1,1,0.05,30,1024,1024000,0.98,0.0003,0.0001,1.0,"[800, 1600]",0.1,128,10,3,8,pooled,local
189,292.5,197.2,95.3,79841.5,,,,,,,,,0.8681,1.150833,0.811912,0.338922,,,,1000,188000,3.00e-04,9,10,2048,800,128,0.0,0.7,"sched(0.9->0.15,hl=7.0)",1.0,0.3,0.25,0.5,0.1,1,0.05,30,1024,1024000,0.98,0.0003,0.0001,1.0,"[800, 1600]",0.1,128,10,3,8,pooled,local
190,425.9,330.7,95.2,80267.4,,,,,,,,,0.8670,1.157842,0.816494,0.341348,,,,1000,189000,3.00e-04,9,10,2048,800,128,0.0,0.7,"sched(0.9->0.15,hl=7.0)",1.0,0.3,0.25,0.5,0.1,1,0.05,30,1024,1024000,0.98,0.0003,0.0001,1.0,"[800, 1600]",0.1,128,10,3,8,pooled,local
191,428.5,335.5,93.0,80695.9,,,,,,,,,0.8669,1.154455,0.811586,0.342869,,,,1000,190000,3.00e-04,9,10,2048,800,128,0.0,0.7,"sched(0.9->0.15,hl=7.0)",1.0,0.3,0.25,0.5,0.1,1,0.05,30,1024,1024000,0.98,0.0003,0.0001,1.0,"[800, 1600]",0.1,128,10,3,8,pooled,local
192,318.5,225.5,93.0,81014.4,,,,,,,,,0.8679,1.153625,0.810967,0.342657,,,,1000,191000,3.00e-04,9,10,2048,800,128,0.0,0.7,"sched(0.9->0.15,hl=7.0)",1.0,0.3,0.25,0.5,0.1,1,0.05,30,1024,1024000,0.98,0.0003,0.0001,1.0,"[800, 1600]",0.1,128,10,3,8,pooled,local
193,383.3,290.4,92.9,81397.7,,,,,,,,,0.8690,1.158158,0.815585,0.342573,,,,1000,192000,3.00e-04,9,10,2048,800,128,0.0,0.7,"sched(0.9->0.15,hl=7.0)",1.0,0.3,0.25,0.5,0.1,1,0.05,30,1024,1024000,0.98,0.0003,0.0001,1.0,"[800, 1600]",0.1,128,10,3,8,pooled,local
194,352.3,259.1,93.2,81750.0,,,,,,,,,0.8679,1.161862,0.818127,0.343735,,,,1000,193000,3.00e-04,9,10,2048,800,128,0.0,0.7,"sched(0.9->0.15,hl=7.0)",1.0,0.3,0.25,0.5,0.1,1,0.05,30,1024,1024000,0.98,0.0003,0.0001,1.0,"[800, 1600]",0.1,128,10,3,8,pooled,local
195,665.8,572.8,93.0,82415.8,,,,,,,,,0.8668,1.169300,0.822514,0.346786,,,,1000,194000,3.00e-04,9,10,2048,800,128,0.0,0.7,"sched(0.9->0.15,hl=7.0)",1.0,0.3,0.25,0.5,0.1,1,0.05,30,1024,1024000,0.98,0.0003,0.0001,1.0,"[800, 1600]",0.1,128,10,3,8,pooled,local
196,483.5,390.3,93.2,82899.3,,,,,,,,,0.8699,1.163412,0.822253,0.341159,,,,1000,195000,3.00e-04,9,10,2048,800,128,0.0,0.7,"sched(0.9->0.15,hl=7.0)",1.0,0.3,0.25,0.5,0.1,1,0.05,30,1024,1024000,0.98,0.0003,0.0001,1.0,"[800, 1600]",0.1,128,10,3,8,pooled,local
197,376.1,282.8,93.3,83275.4,,,,,,,,,0.8716,1.171077,0.831582,0.339495,,,,1000,196000,3.00e-04,9,10,2048,800,128,0.0,0.7,"sched(0.9->0.15,hl=7.0)",1.0,0.3,0.25,0.5,0.1,1,0.05,30,1024,1024000,0.98,0.0003,0.0001,1.0,"[800, 1600]",0.1,128,10,3,8,pooled,local
198,390.0,296.5,93.5,83665.4,,,,,,,,,0.8708,1.177048,0.836532,0.340516,,,,1000,197000,3.00e-04,9,10,2048,800,128,0.0,0.7,"sched(0.9->0.15,hl=7.0)",1.0,0.3,0.25,0.5,0.1,1,0.05,30,1024,1024000,0.98,0.0003,0.0001,1.0,"[800, 1600]",0.1,128,10,3,8,pooled,local
199,414.4,320.9,93.5,84079.8,,,,,,,,,0.8711,1.172294,0.833115,0.339179,,,,1000,198000,3.00e-04,9,10,2048,800,128,0.0,0.7,"sched(0.9->0.15,hl=7.0)",1.0,0.3,0.25,0.5,0.1,1,0.05,30,1024,1024000,0.98,0.0003,0.0001,1.0,"[800, 1600]",0.1,128,10,3,8,pooled,local
200,399.3,306.2,93.1,84479.1,,,,,,,,,0.8718,1.181198,0.841958,0.339240,,,,1000,199000,3.00e-04,9,10,2048,800,128,0.0,0.7,"sched(0.9->0.15,hl=7.0)",1.0,0.3,0.25,0.5,0.1,1,0.05,30,1024,1024000,0.98,0.0003,0.0001,1.0,"[800, 1600]",0.1,128,10,3,8,pooled,local
201,381.7,288.3,93.4,84860.8,,,,,,,,,0.8722,1.185175,0.846167,0.339009,,,,1000,200000,3.00e-04,9,10,2048,800,128,0.0,0.7,"sched(0.9->0.15,hl=7.0)",1.0,0.3,0.25,0.5,0.1,1,0.05,30,1024,1024000,0.98,0.0003,0.0001,1.0,"[800, 1600]",0.1,128,10,3,8,pooled,local
202,355.2,262.3,92.9,85216.0,,,,,,,,,0.8727,1.185409,0.846821,0.338589,,,,1000,201000,3.00e-04,9,10,2048,800,128,0.0,0.7,"sched(0.9->0.15,hl=7.0)",1.0,0.3,0.25,0.5,0.1,1,0.05,30,1024,1024000,0.98,0.0003,0.0001,1.0,"[800, 1600]",0.1,128,10,3,8,pooled,local
203,336.4,243.5,92.9,85552.4,,,,,,,,,0.8739,1.190177,0.853009,0.337167,,,,1000,202000,3.00e-04,9,10,2048,800,128,0.0,0.7,"sched(0.9->0.15,hl=7.0)",1.0,0.3,0.25,0.5,0.1,1,0.05,30,1024,1024000,0.98,0.0003,0.0001,1.0,"[800, 1600]",0.1,128,10,3,8,pooled,local
204,374.7,281.6,93.1,85927.1,,,,,,,,,0.8736,1.192828,0.855411,0.337417,,,,1000,203000,3.00e-04,9,10,2048,800,128,0.0,0.7,"sched(0.9->0.15,hl=7.0)",1.0,0.3,0.25,0.5,0.1,1,0.05,30,1024,1024000,0.98,0.0003,0.0001,1.0,"[800, 1600]",0.1,128,10,3,8,pooled,local
205,415.3,322.4,92.9,86342.4,,,,,,,,,0.8724,1.194033,0.854269,0.339764,,,,1000,204000,3.00e-04,9,10,2048,800,128,0.0,0.7,"sched(0.9->0.15,hl=7.0)",1.0,0.3,0.25,0.5,0.1,1,0.05,30,1024,1024000,0.98,0.0003,0.0001,1.0,"[800, 1600]",0.1,128,10,3,8,pooled,local
206,321.9,229.2,92.7,86664.3,,,,,,,,,0.8728,1.200164,0.860622,0.339541,,,,1000,205000,3.00e-04,9,10,2048,800,128,0.0,0.7,"sched(0.9->0.15,hl=7.0)",1.0,0.3,0.25,0.5,0.1,1,0.05,30,1024,1024000,0.98,0.0003,0.0001,1.0,"[800, 1600]",0.1,128,10,3,8,pooled,local
207,367.1,272.1,95.0,87031.4,,,,,,,,,0.8721,1.199738,0.859581,0.340157,,,,1000,206000,3.00e-04,9,10,2048,800,128,0.0,0.7,"sched(0.9->0.15,hl=7.0)",1.0,0.3,0.25,0.5,0.1,1,0.05,30,1024,1024000,0.98,0.0003,0.0001,1.0,"[800, 1600]",0.1,128,10,3,8,pooled,local
208,411.5,314.9,96.6,87442.9,,,,,,,,,0.8735,1.183914,0.850589,0.333325,,,,1000,207000,3.00e-04,9,10,2048,800,128,0.0,0.7,"sched(0.9->0.15,hl=7.0)",1.0,0.3,0.25,0.5,0.1,1,0.05,30,1024,1024000,0.99,0.0003,0.0001,1.0,"[800, 1600]",0.1,128,10,3,8,pooled,local
209,396.6,295.7,100.9,87839.5,,,,,,,,,0.8713,1.191184,0.853335,0.337849,,,,1000,208000,3.00e-04,9,10,2048,800,128,0.0,0.7,"sched(0.9->0.15,hl=7.0)",1.0,0.3,0.25,0.5,0.1,1,0.05,30,1024,1024000,0.99,0.0003,0.0001,1.0,"[800, 1600]",0.1,128,10,3,8,pooled,local
210,372.1,266.2,105.9,88211.6,,,,,,,,,0.8695,1.195229,0.854722,0.340507,,,,1000,209000,3.00e-04,9,10,2048,800,128,0.0,0.7,"sched(0.9->0.15,hl=7.0)",1.0,0.3,0.25,0.5,0.1,1,0.05,30,1024,1024000,0.99,0.0003,0.0001,1.0,"[800, 1600]",0.1,128,10,3,8,pooled,local
211,390.2,284.1,106.1,88601.8,,,,,,,,,0.8721,1.178478,0.843137,0.335341,,,,1000,210000,3.00e-04,9,10,2048,800,128,0.0,0.7,"sched(0.9->0.15,hl=7.0)",1.0,0.3,0.25,0.5,0.1,1,0.05,30,1024,1024000,0.99,0.0003,0.0001,1.0,"[800, 1600]",0.1,128,10,3,8,pooled,local
212,485.5,378.9,106.6,89087.3,,,,,,,,,0.8702,1.173680,0.835643,0.338037,,,,1000,211000,3.00e-04,9,10,2048,800,128,0.0,0.7,"sched(0.9->0.15,hl=7.0)",1.0,0.3,0.25,0.5,0.1,1,0.05,30,1024,1024000,0.99,0.0003,0.0001,1.0,"[800, 1600]",0.1,128,10,3,8,pooled,local
213,459.1,352.7,106.4,89546.4,,,,,,,,,0.8686,1.194298,0.849893,0.344406,,,,1000,212000,3.00e-04,9,10,2048,800,128,0.0,0.7,"sched(0.9->0.15,hl=7.0)",1.0,0.3,0.25,0.5,0.1,1,0.05,30,1024,1024000,0.99,0.0003,0.0001,1.0,"[800, 1600]",0.1,128,10,3,8,pooled,local
214,378.5,272.8,105.7,89924.9,,,,,,,,,0.8690,1.195214,0.851572,0.343642,,,,1000,213000,3.00e-04,9,10,2048,800,128,0.0,0.7,"sched(0.9->0.15,hl=7.0)",1.0,0.3,0.25,0.5,0.1,1,0.05,30,1024,1024000,0.99,0.0003,0.0001,1.0,"[800, 1600]",0.1,128,10,3,8,pooled,local
215,436.9,336.7,100.2,90361.8,,,,,,,,,0.8728,1.185789,0.847836,0.337953,,,,1000,214000,3.00e-04,9,10,2048,800,128,0.0,0.7,"sched(0.9->0.15,hl=7.0)",1.0,0.3,0.25,0.5,0.1,1,0.05,30,1024,1024000,0.99,0.0003,0.0001,1.0,"[800, 1600]",0.1,128,10,3,8,pooled,local
216,434.3,336.2,98.1,90796.1,,,,,,,,,0.8715,1.197853,0.857279,0.340575,,,,1000,215000,3.00e-04,9,10,2048,800,128,0.0,0.7,"sched(0.9->0.15,hl=7.0)",1.0,0.3,0.25,0.5,0.1,1,0.05,30,1024,1024000,0.99,0.0003,0.0001,1.0,"[800, 1600]",0.1,128,10,3,8,pooled,local
217,426.0,327.9,98.1,91222.1,,,,,,,,,0.8683,1.205316,0.858975,0.346341,,,,1000,216000,3.00e-04,9,10,2048,800,128,0.0,0.7,"sched(0.9->0.15,hl=7.0)",1.0,0.3,0.25,0.5,0.1,1,0.05,30,1024,1024000,0.99,0.0003,0.0001,1.0,"[800, 1600]",0.1,128,10,3,8,pooled,local
218,388.6,286.7,101.9,91610.7,,,,,,,,,0.8681,1.211586,0.864521,0.347064,,,,1000,217000,3.00e-04,9,10,2048,800,128,0.0,0.7,"sched(0.9->0.15,hl=7.0)",1.0,0.3,0.25,0.5,0.1,1,0.05,30,1024,1024000,0.99,0.0003,0.0001,1.0,"[800, 1600]",0.1,128,10,3,8,pooled,local
219,373.2,277.2,96.0,91983.9,,,,,,,,,0.8696,1.190461,0.847722,0.342739,,,,1000,218000,3.00e-04,9,10,2048,800,128,0.0,0.7,"sched(0.9->0.15,hl=7.0)",1.0,0.3,0.25,0.5,0.1,1,0.05,30,1024,1024000,0.99,0.0003,0.0001,1.0,"[800, 1600]",0.1,128,10,3,8,pooled,local
220,369.7,273.5,96.2,92353.6,,,,,,,,,0.8725,1.186600,0.848679,0.337921,,,,1000,219000,3.00e-04,9,10,2048,800,128,0.0,0.7,"sched(0.9->0.15,hl=7.0)",1.0,0.3,0.25,0.5,0.1,1,0.05,30,1024,1024000,0.99,0.0003,0.0001,1.0,"[800, 1600]",0.1,128,10,3,8,pooled,local
221,415.0,318.7,96.3,92768.6,,,,,,,,,0.8754,1.178045,0.845772,0.332273,,,,1000,220000,3.00e-04,9,10,2048,800,128,0.0,0.7,"sched(0.9->0.15,hl=7.0)",1.0,0.3,0.25,0.5,0.1,1,0.05,30,1024,1024000,0.99,0.0003,0.0001,1.0,"[800, 1600]",0.1,128,10,3,8,pooled,local
222,476.0,379.4,96.6,93244.6,,,,,,,,,0.8826,1.140634,0.828354,0.312280,,,,1000,221000,1.00e-04,9,10,2048,800,128,0.0,0.7,"sched(0.9->0.15,hl=7.0)",1.0,0.3,0.25,0.5,0.1,1,0.05,30,1024,1024000,0.99,0.0001,0.0001,1.0,"[800, 1600]",0.1,128,10,3,8,pooled,local
223,446.7,350.0,96.7,93691.3,,,,,,,,,0.8885,1.128584,0.830459,0.298126,,,,1000,222000,1.00e-04,9,10,2048,800,128,0.0,0.7,"sched(0.9->0.15,hl=7.0)",1.0,0.3,0.25,0.5,0.1,1,0.05,30,1024,1024000,0.99,0.0001,0.0001,1.0,"[800, 1600]",0.1,128,10,3,8,pooled,local
224,536.1,439.5,96.6,94227.4,,,,,,,,,0.8900,1.129905,0.833253,0.296652,,,,1000,223000,1.00e-04,9,10,2048,800,128,0.0,0.7,"sched(0.9->0.15,hl=7.0)",1.0,0.3,0.25,0.5,0.1,1,0.05,30,1024,1024000,0.99,0.0001,0.0001,1.0,"[800, 1600]",0.1,128,10,3,8,pooled,local
225,313.3,216.5,96.8,94540.7,,,,,,,,,0.8917,1.130942,0.838297,0.292645,,,,1000,224000,1.00e-04,9,10,2048,800,128,0.0,0.7,"sched(0.9->0.15,hl=7.0)",1.0,0.3,0.25,0.5,0.1,1,0.05,30,1024,1024000,0.99,0.0001,0.0001,1.0,"[800, 1600]",0.1,128,10,3,8,pooled,local
226,833.2,736.4,96.8,95373.9,,,,,,,,,0.8882,1.142014,0.843422,0.298592,,,,1000,225000,1.00e-04,9,10,2048,800,128,0.0,0.7,"sched(0.9->0.15,hl=7.0)",1.0,0.3,0.25,0.5,0.1,1,0.05,30,1024,1024000,0.99,0.0001,0.0001,1.0,"[800, 1600]",0.1,128,10,3,8,pooled,local
227,316.7,219.7,97.0,95690.6,,,,,,,,,0.8859,1.122565,0.820620,0.301945,,,,1000,226000,1.00e-04,9,10,2048,800,128,0.0,0.7,"sched(0.9->0.15,hl=7.0)",1.0,0.3,0.25,0.5,0.1,1,0.05,30,1024,1024000,0.99,0.0001,0.0001,1.0,"[800, 1600]",0.1,128,10,3,8,pooled,local
228,327.3,230.3,97.0,96017.9,,,,,,,,,0.8882,1.112035,0.812302,0.299733,,,,1000,227000,1.00e-04,9,10,2048,800,128,0.0,0.7,"sched(0.9->0.15,hl=7.0)",1.0,0.3,0.25,0.5,0.1,1,0.05,30,1024,1024000,0.99,0.0001,0.0001,1.0,"[800, 1600]",0.1,128,10,3,8,pooled,local
229,321.4,224.3,97.1,96339.3,,,,,,,,,0.8912,1.097074,0.803061,0.294012,,,,1000,228000,1.00e-04,9,10,2048,800,128,0.0,0.7,"sched(0.9->0.15,hl=7.0)",1.0,0.3,0.25,0.5,0.1,1,0.05,30,1024,1024000,0.99,0.0001,0.0001,1.0,"[800, 1600]",0.1,128,10,3,8,pooled,local
230,359.0,249.8,109.2,96698.3,,,,,,,,,0.8881,1.093577,0.795177,0.298401,,,,1000,229000,1.00e-04,9,10,2048,800,128,0.0,0.7,"sched(0.9->0.15,hl=7.0)",1.0,0.3,0.25,0.5,0.1,1,0.05,30,1024,1024000,0.99,0.0001,0.0001,1.0,"[800, 1600]",0.1,128,10,3,8,pooled,local
231,335.0,234.2,100.8,97033.3,,,,,,,,,0.8866,1.098819,0.799227,0.299592,,,,1000,230000,1.00e-04,9,10,2048,800,128,0.0,0.7,"sched(0.9->0.15,hl=7.0)",1.0,0.3,0.25,0.5,0.1,1,0.05,30,1024,1024000,0.99,0.0001,0.0001,1.0,"[800, 1600]",0.1,128,10,3,8,pooled,local
233,289.5,188.9,100.6,97322.8,,,,,,,,,0.8873,1.121866,0.822088,0.299778,,,,1000,231000,1.00e-04,9,10,2048,800,128,0.0,0.7,"sched(0.9->0.15,hl=7.0)",1.0,0.3,0.25,0.5,0.1,1,0.05,30,1024,1024000,0.99,0.0001,0.0001,1.0,"[800, 1600]",0.1,128,10,3,8,pooled,local
234,355.1,255.7,99.4,97677.9,,,,,,,,,0.8862,1.122905,0.823352,0.299553,,,,1000,232000,1.00e-04,9,10,2048,800,128,0.0,0.7,"sched(0.9->0.15,hl=7.0)",1.0,0.3,0.25,0.5,0.1,1,0.05,30,1024,1024000,0.99,0.0001,0.0001,1.0,"[800, 1600]",0.1,128,10,3,8,pooled,local
235,297.7,197.9,99.8,97975.6,,,,,,,,,0.8851,1.129344,0.828434,0.300910,,,,1000,233000,1.00e-04,9,10,2048,800,128,0.0,0.7,"sched(0.9->0.15,hl=7.0)",1.0,0.3,0.25,0.5,0.1,1,0.05,30,1024,1024000,0.99,0.0001,0.0001,1.0,"[800, 1600]",0.1,128,10,3,8,pooled,local
236,298.7,199.3,99.4,98274.3,,,,,,,,,0.8840,1.131261,0.829264,0.301998,,,,1000,234000,1.00e-04,9,10,2048,800,128,0.0,0.7,"sched(0.9->0.15,hl=7.0)",1.0,0.3,0.25,0.5,0.1,1,0.05,30,1024,1024000,0.99,0.0001,0.0001,1.0,"[800, 1600]",0.1,128,10,3,8,pooled,local
237,284.4,184.8,99.6,98558.7,,,,,,,,,0.8822,1.133765,0.828095,0.305669,,,,1000,235000,1.00e-04,9,10,2048,800,128,0.0,0.7,"sched(0.9->0.15,hl=7.0)",1.0,0.3,0.25,0.5,0.1,1,0.05,30,1024,1024000,0.99,0.0001,0.0001,1.0,"[800, 1600]",0.1,128,10,3,8,pooled,local
238,351.7,252.0,99.7,98910.4,,,,,,,,,0.8833,1.126433,0.823192,0.303241,,,,1000,236000,1.00e-04,9,10,2048,800,128,0.0,0.7,"sched(0.9->0.15,hl=7.0)",1.0,0.3,0.25,0.5,0.1,1,0.05,30,1024,1024000,0.99,0.0001,0.0001,1.0,"[800, 1600]",0.1,128,10,3,8,pooled,local
239,353.1,247.5,105.6,99263.5,,,,,,,,,0.8814,1.133995,0.825882,0.308113,,,,1000,237000,1.00e-04,9,10,2048,800,128,0.0,0.7,"sched(0.9->0.15,hl=7.0)",1.0,0.3,0.25,0.5,0.1,1,0.05,30,1024,1024000,0.99,0.0001,0.0001,1.0,"[800, 1600]",0.1,128,10,3,8,pooled,local
240,324.1,218.3,105.8,99587.6,,,,,,,,,0.8805,1.134574,0.824598,0.309976,,,,1000,238000,1.00e-04,9,10,2048,800,128,0.0,0.7,"sched(0.9->0.15,hl=7.0)",1.0,0.3,0.25,0.5,0.1,1,0.05,30,1024,1024000,0.99,0.0001,0.0001,1.0,"[800, 1600]",0.1,128,10,3,8,pooled,local
241,340.5,236.9,103.6,99928.1,,,,,,,,,0.8786,1.141221,0.828397,0.312825,,,,1000,239000,1.00e-04,9,10,2048,800,128,0.0,0.7,"sched(0.9->0.15,hl=7.0)",1.0,0.3,0.25,0.5,0.1,1,0.05,30,1024,1024000,0.99,0.0001,0.0001,1.0,"[800, 1600]",0.1,128,10,3,8,pooled,local
242,366.4,260.0,106.4,100294.5,,,,,,,,,0.8809,1.138228,0.829598,0.308630,,,,1000,240000,1.00e-04,9,10,2048,800,128,0.0,0.7,"sched(0.9->0.15,hl=7.0)",1.0,0.3,0.25,0.5,0.1,1,0.05,30,1024,1024000,0.99,0.0001,0.0001,1.0,"[800, 1600]",0.1,128,10,3,8,pooled,local
243,359.7,255.8,103.9,100654.2,,,,,,,,,0.8799,1.138653,0.825717,0.312936,,,,1000,241000,1.00e-04,9,10,2048,800,128,0.0,0.7,"sched(0.9->0.15,hl=7.0)",1.0,0.3,0.25,0.5,0.1,1,0.05,30,1024,1024000,0.99,0.0001,0.0001,1.0,"[800, 1600]",0.1,128,10,3,8,pooled,local
244,373.0,272.8,100.2,101027.2,,,,,,,,,0.8841,1.128367,0.823706,0.304661,,,,1000,242000,1.00e-04,9,10,2048,800,128,0.0,0.7,"sched(0.9->0.15,hl=7.0)",1.0,0.3,0.25,0.5,0.1,1,0.05,30,1024,1024000,0.99,0.0001,0.0001,1.0,"[800, 1600]",0.1,128,10,3,8,pooled,local
245,346.7,245.3,101.4,101373.9,,,,,,,,,0.8818,1.150072,0.839504,0.310569,,,,1000,243000,1.00e-04,9,10,2048,800,128,0.0,0.7,"sched(0.9->0.15,hl=7.0)",1.0,0.3,0.25,0.5,0.1,1,0.05,30,1024,1024000,0.99,0.0001,0.0001,1.0,"[800, 1600]",0.1,128,10,3,8,pooled,local
246,436.0,334.6,101.4,101809.9,,,,,,,,,0.8819,1.152626,0.840702,0.311924,,,,1000,244000,1.00e-04,9,10,2048,800,128,0.0,0.7,"sched(0.9->0.15,hl=7.0)",1.0,0.3,0.25,0.5,0.1,1,0.05,30,1024,1024000,0.99,0.0001,0.0001,1.0,"[800, 1600]",0.1,128,10,3,8,pooled,local
247,343.1,241.6,101.5,102153.0,,,,,,,,,0.8792,1.147168,0.833168,0.314001,,,,1000,245000,1.00e-04,9,10,2048,800,128,0.0,0.7,"sched(0.9->0.15,hl=7.0)",1.0,0.3,0.25,0.5,0.1,1,0.05,30,1024,1024000,0.99,0.0001,0.0001,1.0,"[800, 1600]",0.1,128,10,3,8,pooled,local
248,341.5,240.0,101.5,102494.5,,,,,,,,,0.8823,1.134872,0.826402,0.308471,,,,1000,246000,1.00e-04,9,10,2048,800,128,0.0,0.7,"sched(0.9->0.15,hl=7.0)",1.0,0.3,0.25,0.5,0.1,1,0.05,30,1024,1024000,0.99,0.0001,0.0001,1.0,"[800, 1600]",0.1,128,10,3,8,pooled,local
249,375.3,268.4,106.9,102869.8,,,,,,,,,0.8803,1.153470,0.838870,0.314600,,,,1000,247000,1.00e-04,9,10,2048,800,128,0.0,0.7,"sched(0.9->0.15,hl=7.0)",1.0,0.3,0.25,0.5,0.1,1,0.05,30,1024,1024000,0.99,0.0001,0.0001,1.0,"[800, 1600]",0.1,128,10,3,8,pooled,local
250,348.5,241.0,107.5,103218.3,,,,,,,,,0.8778,1.163721,0.843093,0.320628,,,,1000,248000,1.00e-04,9,10,2048,800,128,0.0,0.7,"sched(0.9->0.15,hl=7.0)",1.0,0.3,0.25,0.5,0.1,1,0.05,30,1024,1024000,0.99,0.0001,0.0001,1.0,"[800, 1600]",0.1,128,10,3,8,pooled,local
251,365.1,257.9,107.2,103583.4,,,,,,,,,0.8768,1.161024,0.840772,0.320252,,,,1000,249000,1.00e-04,9,10,2048,800,128,0.0,0.7,"sched(0.9->0.15,hl=7.0)",1.0,0.3,0.25,0.5,0.1,1,0.05,30,1024,1024000,0.99,0.0001,0.0001,1.0,"[800, 1600]",0.1,128,10,3,8,pooled,local
252,361.7,254.9,106.8,103945.1,,,,,,,,,0.8782,1.156569,0.837916,0.318652,,,,1000,250000,1.00e-04,9,10,2048,800,128,0.0,0.7,"sched(0.9->0.15,hl=7.0)",1.0,0.3,0.25,0.5,0.1,1,0.05,30,1024,1024000,0.99,0.0001,0.0001,1.0,"[800, 1600]",0.1,128,10,3,8,pooled,local
253,319.5,212.9,106.6,104264.6,,,,,,,,,0.8751,1.155520,0.831210,0.324310,,,,1000,251000,1.00e-04,9,10,2048,800,128,0.0,0.7,"sched(0.9->0.15,hl=7.0)",1.0,0.3,0.25,0.5,0.1,1,0.05,30,1024,1024000,0.99,0.0001,0.0001,1.0,"[800, 1600]",0.1,128,10,3,8,pooled,local
254,345.3,238.9,106.4,104609.9,,,,,,,,,0.8751,1.147476,0.826358,0.321118,,,,1000,252000,1.00e-04,9,10,2048,800,128,0.0,0.7,"sched(0.9->0.15,hl=7.0)",1.0,0.3,0.25,0.5,0.1,1,0.05,30,1024,1024000,0.99,0.0001,0.0001,1.0,"[800, 1600]",0.1,128,10,3,8,pooled,local
255,368.7,262.3,106.4,104978.6,,,,,,,,,0.8746,1.142761,0.820402,0.322359,,,,1000,253000,1.00e-04,9,10,2048,800,128,0.0,0.7,"sched(0.9->0.15,hl=7.0)",1.0,0.3,0.25,0.5,0.1,1,0.05,30,1024,1024000,0.99,0.0001,0.0001,1.0,"[800, 1600]",0.1,128,10,3,8,pooled,local
256,354.2,247.5,106.7,105332.8,,,,,,,,,0.8755,1.141643,0.822652,0.318992,,,,1000,254000,1.00e-04,9,10,2048,800,128,0.0,0.7,"sched(0.9->0.15,hl=7.0)",1.0,0.3,0.25,0.5,0.1,1,0.05,30,1024,1024000,0.99,0.0001,0.0001,1.0,"[800, 1600]",0.1,128,10,3,8,pooled,local
257,335.0,228.8,106.2,105667.8,,,,,,,,,0.8753,1.151583,0.830991,0.320592,,,,1000,255000,1.00e-04,9,10,2048,800,128,0.0,0.7,"sched(0.9->0.15,hl=7.0)",1.0,0.3,0.25,0.5,0.1,1,0.05,30,1024,1024000,0.99,0.0001,0.0001,1.0,"[800, 1600]",0.1,128,10,3,8,pooled,local
258,330.9,224.9,106.0,105998.7,,,,,,,,,0.8712,1.150617,0.826835,0.323782,,,,1000,256000,1.00e-04,9,10,2048,800,128,0.0,0.7,"sched(0.9->0.15,hl=7.0)",1.0,0.3,0.25,0.5,0.1,1,0.05,30,1024,1024000,0.99,0.0001,0.0001,1.0,"[800, 1600]",0.1,128,10,3,8,pooled,local
259,375.7,269.6,106.1,106374.4,,,,,,,,,0.8671,1.162439,0.831554,0.330885,,,,1000,257000,1.00e-04,9,10,2048,800,128,0.0,0.7,"sched(0.9->0.15,hl=7.0)",1.0,0.3,0.25,0.5,0.1,1,0.05,30,1024,1024000,0.99,0.0001,0.0001,1.0,"[800, 1600]",0.1,128,10,3,8,pooled,local
260,347.5,241.4,106.1,106721.9,,,,,,,,,0.8654,1.166842,0.832403,0.334439,,,,1000,258000,1.00e-04,9,10,2048,800,128,0.0,0.7,"sched(0.9->0.15,hl=7.0)",1.0,0.3,0.25,0.5,0.1,1,0.05,30,1024,1024000,0.99,0.0001,0.0001,1.0,"[800, 1600]",0.1,128,10,3,8,pooled,local
261,368.8,262.3,106.5,107090.7,,,,,,,,,0.8632,1.165070,0.824862,0.340209,,,,1000,259000,1.00e-04,9,10,2048,800,128,0.0,0.7,"sched(0.9->0.15,hl=7.0)",1.0,0.3,0.25,0.5,0.1,1,0.05,30,1024,1024000,0.99,0.0001,0.0001,1.0,"[800, 1600]",0.1,128,10,3,8,pooled,local
262,336.4,229.4,107.0,107427.1,,,,,,,,,0.8613,1.162831,0.818614,0.344217,,,,1000,260000,1.00e-04,9,10,2048,800,128,0.0,0.7,"sched(0.9->0.15,hl=7.0)",1.0,0.3,0.25,0.5,0.1,1,0.05,30,1024,1024000,0.99,0.0001,0.0001,1.0,"[800, 1600]",0.1,128,10,3,8,pooled,local
263,304.1,197.4,106.7,107731.2,,,,,,,,,0.8608,1.169490,0.826146,0.343344,,,,1000,261000,1.00e-04,9,10,2048,800,128,0.0,0.7,"sched(0.9->0.15,hl=7.0)",1.0,0.3,0.25,0.5,0.1,1,0.05,30,1024,1024000,0.99,0.0001,0.0001,1.0,"[800, 1600]",0.1,128,10,3,8,pooled,local
264,364.1,257.6,106.5,108095.3,,,,,,,,,0.8618,1.169399,0.825920,0.343479,,,,1000,262000,1.00e-04,9,10,2048,800,128,0.0,0.7,"sched(0.9->0.15,hl=7.0)",1.0,0.3,0.25,0.5,0.1,1,0.05,30,1024,1024000,0.99,0.0001,0.0001,1.0,"[800, 1600]",0.1,128,10,3,8,pooled,local
265,361.1,254.2,106.9,108456.4,,,,,,,,,0.8630,1.160233,0.819862,0.340371,,,,1000,263000,1.00e-04,9,10,2048,800,128,0.0,0.7,"sched(0.9->0.15,hl=7.0)",1.0,0.3,0.25,0.5,0.1,1,0.05,30,1024,1024000,0.99,0.0001,0.0001,1.0,"[800, 1600]",0.1,128,10,3,8,pooled,local
266,338.5,231.4,107.1,108794.9,,,,,,,,,0.8623,1.165879,0.822422,0.343456,,,,1000,264000,1.00e-04,9,10,2048,800,128,0.0,0.7,"sched(0.9->0.15,hl=7.0)",1.0,0.3,0.25,0.5,0.1,1,0.05,30,1024,1024000,0.99,0.0001,0.0001,1.0,"[800, 1600]",0.1,128,10,3,8,pooled,local
267,405.5,298.7,106.8,109200.4,,,,,,,,,0.8643,1.163830,0.825563,0.338267,,,,1000,265000,1.00e-04,9,10,2048,800,128,0.0,0.7,"sched(0.9->0.15,hl=7.0)",1.0,0.3,0.25,0.5,0.1,1,0.05,30,1024,1024000,0.99,0.0001,0.0001,1.0,"[800, 1600]",0.1,128,10,3,8,pooled,local
268,374.6,267.3,107.3,109575.0,,,,,,,,,0.8624,1.165642,0.824499,0.341143,,,,1000,266000,1.00e-04,9,10,2048,800,128,0.0,0.7,"sched(0.9->0.15,hl=7.0)",1.0,0.3,0.25,0.5,0.1,1,0.05,30,1024,1024000,0.99,0.0001,0.0001,1.0,"[800, 1600]",0.1,128,10,3,8,pooled,local
269,413.8,306.6,107.2,109988.8,,,,,,,,,0.8622,1.170025,0.829411,0.340614,,,,1000,267000,1.00e-04,9,10,2048,800,128,0.0,0.7,"sched(0.9->0.15,hl=7.0)",1.0,0.3,0.25,0.5,0.1,1,0.05,30,1024,1024000,0.99,0.0001,0.0001,1.0,"[800, 1600]",0.1,128,10,3,8,pooled,local
270,361.4,254.5,106.9,110350.2,,,,,,,,,0.8626,1.185939,0.844987,0.340952,,,,1000,268000,1.00e-04,9,10,2048,800,128,0.0,0.7,"sched(0.9->0.15,hl=7.0)",1.0,0.3,0.25,0.5,0.1,1,0.05,30,1024,1024000,0.99,0.0001,0.0001,1.0,"[800, 1600]",0.1,128,10,3,8,pooled,local
271,325.5,218.9,106.6,110675.7,,,,,,,,,0.8622,1.194368,0.852840,0.341528,,,,1000,269000,1.00e-04,9,10,2048,800,128,0.0,0.7,"sched(0.9->0.15,hl=7.0)",1.0,0.3,0.25,0.5,0.1,1,0.05,30,1024,1024000,0.99,0.0001,0.0001,1.0,"[800, 1600]",0.1,128,10,3,8,pooled,local
272,338.0,231.5,106.5,111013.7,,,,,,,,,0.8619,1.196216,0.854134,0.342082,,,,1000,270000,1.00e-04,9,10,2048,800,128,0.0,0.7,"sched(0.9->0.15,hl=7.0)",1.0,0.3,0.25,0.5,0.1,1,0.05,30,1024,1024000,0.99,0.0001,0.0001,1.0,"[800, 1600]",0.1,128,10,3,8,pooled,local
273,362.3,256.0,106.3,111376.0,,,,,,,,,0.8642,1.196271,0.858538,0.337734,,,,1000,271000,1.00e-04,9,10,2048,800,128,0.0,0.7,"sched(0.9->0.15,hl=7.0)",1.0,0.3,0.25,0.5,0.1,1,0.05,30,1024,1024000,0.99,0.0001,0.0001,1.0,"[800, 1600]",0.1,128,10,3,8,pooled,local
274,373.0,266.8,106.2,111749.0,,,,,,,,,0.8616,1.210757,0.868883,0.341875,,,,1000,272000,1.00e-04,9,10,2048,800,128,0.0,0.7,"sched(0.9->0.15,hl=7.0)",1.0,0.3,0.25,0.5,0.1,1,0.05,30,1024,1024000,0.99,0.0001,0.0001,1.0,"[800, 1600]",0.1,128,10,3,8,pooled,local
275,370.3,264.2,106.1,112119.3,,,,,,,,,0.8632,1.216846,0.877236,0.339610,,,,1000,273000,1.00e-04,9,10,2048,800,128,0.0,0.7,"sched(0.9->0.15,hl=7.0)",1.0,0.3,0.25,0.5,0.1,1,0.05,30,1024,1024000,0.99,0.0001,0.0001,1.0,"[800, 1600]",0.1,128,10,3,8,pooled,local
276,480.7,375.0,105.7,112600.0,,,,,,,,,0.8635,1.223509,0.881199,0.342310,,,,1000,274000,1.00e-04,9,10,2048,800,128,0.0,0.7,"sched(0.9->0.15,hl=7.0)",1.0,0.3,0.25,0.5,0.1,1,0.05,30,1024,1024000,0.99,0.0001,0.0001,1.0,"[800, 1600]",0.1,128,10,3,8,pooled,local
277,381.0,276.0,105.0,112981.0,,,,,,,,,0.8651,1.222845,0.884737,0.338107,,,,1000,275000,1.00e-04,9,10,2048,800,128,0.0,0.7,"sched(0.9->0.15,hl=7.0)",1.0,0.3,0.25,0.5,0.1,1,0.05,30,1024,1024000,0.99,0.0001,0.0001,1.0,"[800, 1600]",0.1,128,10,3,8,pooled,local
278,344.6,239.3,105.3,113325.6,,,,,,,,,0.8668,1.211434,0.878017,0.333417,,,,1000,276000,1.00e-04,9,10,2048,800,128,0.0,0.7,"sched(0.9->0.15,hl=7.0)",1.0,0.3,0.25,0.5,0.1,1,0.05,30,1024,1024000,0.99,0.0001,0.0001,1.0,"[800, 1600]",0.1,128,10,3,8,pooled,local
279,367.5,262.3,105.2,113693.1,,,,,,,,,0.8664,1.204596,0.872060,0.332536,,,,1000,277000,1.00e-04,9,10,2048,800,128,0.0,0.7,"sched(0.9->0.15,hl=7.0)",1.0,0.3,0.25,0.5,0.1,1,0.05,30,1024,1024000,0.99,0.0001,0.0001,1.0,"[800, 1600]",0.1,128,10,3,8,pooled,local
280,350.3,245.1,105.2,114043.4,,,,,,,,,0.8651,1.208711,0.873851,0.334860,,,,1000,278000,1.00e-04,9,10,2048,800,128,0.0,0.7,"sched(0.9->0.15,hl=7.0)",1.0,0.3,0.25,0.5,0.1,1,0.05,30,1024,1024000,0.99,0.0001,0.0001,1.0,"[800, 1600]",0.1,128,10,3,8,pooled,local
281,345.7,240.6,105.1,114389.1,,,,,,,,,0.8659,1.212646,0.878208,0.334438,,,,1000,279000,1.00e-04,9,10,2048,800,128,0.0,0.7,"sched(0.9->0.15,hl=7.0)",1.0,0.3,0.25,0.5,0.1,1,0.05,30,1024,1024000,0.99,0.0001,0.0001,1.0,"[800, 1600]",0.1,128,10,3,8,pooled,local
282,321.9,217.2,104.7,114711.0,,,,,,,,,0.8670,1.213450,0.880165,0.333285,,,,1000,280000,1.00e-04,9,10,2048,800,128,0.0,0.7,"sched(0.9->0.15,hl=7.0)",1.0,0.3,0.25,0.5,0.1,1,0.05,30,1024,1024000,0.99,0.0001,0.0001,1.0,"[800, 1600]",0.1,128,10,3,8,pooled,local
283,302.1,197.9,104.2,115013.1,,,,,,,,,0.8678,1.211200,0.877099,0.334101,,,,1000,281000,1.00e-04,9,10,2048,800,128,0.0,0.7,"sched(0.9->0.15,hl=7.0)",1.0,0.3,0.25,0.5,0.1,1,0.05,30,1024,1024000,0.99,0.0001,0.0001,1.0,"[800, 1600]",0.1,128,10,3,8,pooled,local
284,321.7,217.2,104.5,115334.8,,,,,,,,,0.8649,1.215035,0.876038,0.338996,,,,1000,282000,1.00e-04,9,10,2048,800,128,0.0,0.7,"sched(0.9->0.15,hl=7.0)",1.0,0.3,0.25,0.5,0.1,1,0.05,30,1024,1024000,0.99,0.0001,0.0001,1.0,"[800, 1600]",0.1,128,10,3,8,pooled,local
285,318.3,213.9,104.4,115653.1,,,,,,,,,0.8650,1.226261,0.887184,0.339077,,,,1000,283000,1.00e-04,9,10,2048,800,128,0.0,0.7,"sched(0.9->0.15,hl=7.0)",1.0,0.3,0.25,0.5,0.1,1,0.05,30,1024,1024000,0.99,0.0001,0.0001,1.0,"[800, 1600]",0.1,128,10,3,8,pooled,local
286,363.2,259.0,104.2,116016.3,,,,,,,,,0.8627,1.234132,0.891090,0.343042,,,,1000,284000,1.00e-04,9,10,2048,800,128,0.0,0.7,"sched(0.9->0.15,hl=7.0)",1.0,0.3,0.25,0.5,0.1,1,0.05,30,1024,1024000,0.99,0.0001,0.0001,1.0,"[800, 1600]",0.1,128,10,3,8,pooled,local
287,333.0,228.6,104.4,116349.3,,,,,,,,,0.8659,1.216318,0.882935,0.333383,,,,1000,285000,1.00e-04,9,10,2048,800,128,0.0,0.7,"sched(0.9->0.15,hl=7.0)",1.0,0.3,0.25,0.5,0.1,1,0.05,30,1024,1024000,0.99,0.0001,0.0001,1.0,"[800, 1600]",0.1,128,10,3,8,pooled,local
288,341.1,236.9,104.2,116690.4,,,,,,,,,0.8654,1.226116,0.892414,0.333702,,,,1000,286000,1.00e-04,9,10,2048,800,128,0.0,0.7,"sched(0.9->0.15,hl=7.0)",1.0,0.3,0.25,0.5,0.1,1,0.05,30,1024,1024000,0.99,0.0001,0.0001,1.0,"[800, 1600]",0.1,128,10,3,8,pooled,local
289,361.7,257.8,103.9,117052.1,,,,,,,,,0.8662,1.233359,0.901744,0.331616,,,,1000,287000,1.00e-04,9,10,2048,800,128,0.0,0.7,"sched(0.9->0.15,hl=7.0)",1.0,0.3,0.25,0.5,0.1,1,0.05,30,1024,1024000,0.99,0.0001,0.0001,1.0,"[800, 1600]",0.1,128,10,3,8,pooled,local
290,379.9,276.3,103.6,117432.0,,,,,,,,,0.8663,1.235558,0.903552,0.332006,,,,1000,288000,1.00e-04,9,10,2048,800,128,0.0,0.7,"sched(0.9->0.15,hl=7.0)",1.0,0.3,0.25,0.5,0.1,1,0.05,30,1024,1024000,0.99,0.0001,0.0001,1.0,"[800, 1600]",0.1,128,10,3,8,pooled,local
291,392.7,289.3,103.4,117824.7,,,,,,,,,0.8689,1.237750,0.912814,0.324936,,,,1000,289000,1.00e-04,9,10,2048,800,128,0.0,0.7,"sched(0.9->0.15,hl=7.0)",1.0,0.3,0.25,0.5,0.1,1,0.05,30,1024,1024000,0.99,0.0001,0.0001,1.0,"[800, 1600]",0.1,128,10,3,8,pooled,local
292,366.6,263.4,103.2,118191.3,,,,,,,,,0.8722,1.218861,0.898814,0.320047,,,,1000,290000,1.00e-04,9,10,2048,800,128,0.0,0.7,"sched(0.9->0.15,hl=7.0)",1.0,0.3,0.25,0.5,0.1,1,0.05,30,1024,1024000,0.99,0.0001,0.0001,1.0,"[800, 1600]",0.1,128,10,3,8,pooled,local
293,325.0,221.6,103.4,118516.3,,,,,,,,,0.8696,1.220709,0.894321,0.326388,,,,1000,291000,1.00e-04,9,10,2048,800,128,0.0,0.7,"sched(0.9->0.15,hl=7.0)",1.0,0.3,0.25,0.5,0.1,1,0.05,30,1024,1024000,0.99,0.0001,0.0001,1.0,"[800, 1600]",0.1,128,10,3,8,pooled,local
294,334.2,230.3,103.9,118850.5,,,,,,,,,0.8705,1.211966,0.887126,0.324841,,,,1000,292000,1.00e-04,9,10,2048,800,128,0.0,0.7,"sched(0.9->0.15,hl=7.0)",1.0,0.3,0.25,0.5,0.1,1,0.05,30,1024,1024000,0.99,0.0001,0.0001,1.0,"[800, 1600]",0.1,128,10,3,8,pooled,local
295,334.6,231.0,103.6,119185.1,,,,,,,,,0.8698,1.219772,0.892472,0.327299,,,,1000,293000,1.00e-04,9,10,2048,800,128,0.0,0.7,"sched(0.9->0.15,hl=7.0)",1.0,0.3,0.25,0.5,0.1,1,0.05,30,1024,1024000,0.99,0.0001,0.0001,1.0,"[800, 1600]",0.1,128,10,3,8,pooled,local
296,335.6,232.1,103.5,119520.7,,,,,,,,,0.8693,1.211558,0.883479,0.328078,,,,1000,294000,1.00e-04,9,10,2048,800,128,0.0,0.7,"sched(0.9->0.15,hl=7.0)",1.0,0.3,0.25,0.5,0.1,1,0.05,30,1024,1024000,0.99,0.0001,0.0001,1.0,"[800, 1600]",0.1,128,10,3,8,pooled,local
297,333.9,230.2,103.7,119854.6,,,,,,,,,0.8701,1.217800,0.889113,0.328688,,,,1000,295000,1.00e-04,9,10,2048,800,128,0.0,0.7,"sched(0.9->0.15,hl=7.0)",1.0,0.3,0.25,0.5,0.1,1,0.05,30,1024,1024000,0.99,0.0001,0.0001,1.0,"[800, 1600]",0.1,128,10,3,8,pooled,local
298,353.8,250.3,103.5,120208.4,,,,,,,,,0.8708,1.229635,0.899426,0.330209,,,,1000,296000,1.00e-04,9,10,2048,800,128,0.0,0.7,"sched(0.9->0.15,hl=7.0)",1.0,0.3,0.25,0.5,0.1,1,0.05,30,1024,1024000,0.99,0.0001,0.0001,1.0,"[800, 1600]",0.1,128,10,3,8,pooled,local
299,372.2,268.6,103.6,120580.6,,,,,,,,,0.8719,1.224135,0.894832,0.329303,,,,1000,297000,1.00e-04,9,10,2048,800,128,0.0,0.7,"sched(0.9->0.15,hl=7.0)",1.0,0.3,0.25,0.5,0.1,1,0.05,30,1024,1024000,0.99,0.0001,0.0001,1.0,"[800, 1600]",0.1,128,10,3,8,pooled,local
300,338.5,234.6,103.9,120919.1,,,,,,,,,0.8692,1.224046,0.889399,0.334646,,,,1000,298000,1.00e-04,9,10,2048,800,128,0.0,0.7,"sched(0.9->0.15,hl=7.0)",1.0,0.3,0.25,0.5,0.1,1,0.05,30,1024,1024000,0.99,0.0001,0.0001,1.0,"[800, 1600]",0.1,128,10,3,8,pooled,local
301,365.5,261.2,104.3,121284.6,,,,,,,,,0.8696,1.221388,0.887238,0.334150,,,,1000,299000,1.00e-04,9,10,2048,800,128,0.0,0.7,"sched(0.9->0.15,hl=7.0)",1.0,0.3,0.25,0.5,0.1,1,0.05,30,1024,1024000,0.99,0.0001,0.0001,1.0,"[800, 1600]",0.1,128,10,3,8,pooled,local
302,364.2,259.9,104.3,121648.8,,,,,,,,,0.8690,1.225584,0.888210,0.337374,,,,1000,300000,1.00e-04,9,10,2048,800,128,0.0,0.7,"sched(0.9->0.15,hl=7.0)",1.0,0.3,0.25,0.5,0.1,1,0.05,30,1024,1024000,0.99,0.0001,0.0001,1.0,"[800, 1600]",0.1,128,10,3,8,pooled,local
303,414.0,309.6,104.4,122062.8,,,,,,,,,0.8692,1.230557,0.893339,0.337219,,,,1000,301000,1.00e-04,9,10,2048,800,128,0.0,0.7,"sched(0.9->0.15,hl=7.0)",1.0,0.3,0.25,0.5,0.1,1,0.05,30,1024,1024000,0.99,0.0001,0.0001,1.0,"[800, 1600]",0.1,128,10,3,8,pooled,local
304,374.0,269.3,104.7,122436.8,,,,,,,,,0.8695,1.229046,0.889473,0.339574,,,,1000,302000,1.00e-04,9,10,2048,800,128,0.0,0.7,"sched(0.9->0.15,hl=7.0)",1.0,0.3,0.25,0.5,0.1,1,0.05,30,1024,1024000,0.99,0.0001,0.0001,1.0,"[800, 1600]",0.1,128,10,3,8,pooled,local
305,357.2,251.7,105.5,122794.0,,,,,,,,,0.8688,1.216706,0.877925,0.338781,,,,1000,303000,1.00e-04,9,10,2048,800,128,0.0,0.7,"sched(0.9->0.15,hl=7.0)",1.0,0.3,0.25,0.5,0.1,1,0.05,30,1024,1024000,0.99,0.0001,0.0001,1.0,"[800, 1600]",0.1,128,10,3,8,pooled,local
306,387.9,282.4,105.5,123181.9,,,,,,,,,0.8697,1.213805,0.877644,0.336161,,,,1000,304000,1.00e-04,9,10,2048,800,128,0.0,0.7,"sched(0.9->0.15,hl=7.0)",1.0,0.3,0.25,0.5,0.1,1,0.05,30,1024,1024000,0.99,0.0001,0.0001,1.0,"[800, 1600]",0.1,128,10,3,8,pooled,local
307,337.0,231.6,105.4,123518.9,,,,,,,,,0.8695,1.225821,0.887546,0.338275,,,,1000,305000,1.00e-04,9,10,2048,800,128,0.0,0.7,"sched(0.9->0.15,hl=7.0)",1.0,0.3,0.25,0.5,0.1,1,0.05,30,1024,1024000,0.99,0.0001,0.0001,1.0,"[800, 1600]",0.1,128,10,3,8,pooled,local
308,330.1,225.1,105.0,123849.0,,,,,,,,,0.8681,1.238358,0.896804,0.341554,,,,1000,306000,1.00e-04,9,10,2048,800,128,0.0,0.7,"sched(0.9->0.15,hl=7.0)",1.0,0.3,0.25,0.5,0.1,1,0.05,30,1024,1024000,0.99,0.0001,0.0001,1.0,"[800, 1600]",0.1,128,10,3,8,pooled,local
309,303.8,199.1,104.7,124152.8,,,,,,,,,0.8691,1.250744,0.909860,0.340885,,,,1000,307000,1.00e-04,9,10,2048,800,128,0.0,0.7,"sched(0.9->0.15,hl=7.0)",1.0,0.3,0.25,0.5,0.1,1,0.05,30,1024,1024000,0.99,0.0001,0.0001,1.0,"[800, 1600]",0.1,128,10,3,8,pooled,local
310,328.3,224.0,104.3,124481.1,,,,,,,,,0.8669,1.248837,0.904621,0.344216,,,,1000,308000,1.00e-04,9,10,2048,800,128,0.0,0.7,"sched(0.9->0.15,hl=7.0)",1.0,0.3,0.25,0.5,0.1,1,0.05,30,1024,1024000,0.99,0.0001,0.0001,1.0,"[800, 1600]",0.1,128,10,3,8,pooled,local
311,385.7,281.0,104.7,124866.8,,,,,,,,,0.8672,1.252583,0.909134,0.343449,,,,1000,309000,1.00e-04,9,10,2048,800,128,0.0,0.7,"sched(0.9->0.15,hl=7.0)",1.0,0.3,0.25,0.5,0.1,1,0.05,30,1024,1024000,0.99,0.0001,0.0001,1.0,"[800, 1600]",0.1,128,10,3,8,pooled,local
312,346.4,241.9,104.5,125213.2,,,,,,,,,0.8657,1.267440,0.919175,0.348265,,,,1000,310000,1.00e-04,9,10,2048,800,128,0.0,0.7,"sched(0.9->0.15,hl=7.0)",1.0,0.3,0.25,0.5,0.1,1,0.05,30,1024,1024000,0.99,0.0001,0.0001,1.0,"[800, 1600]",0.1,128,10,3,8,pooled,local
313,349.5,245.0,104.5,125562.7,,,,,,,,,0.8656,1.274468,0.925974,0.348494,,,,1000,311000,1.00e-04,9,10,2048,800,128,0.0,0.7,"sched(0.9->0.15,hl=7.0)",1.0,0.3,0.25,0.5,0.1,1,0.05,30,1024,1024000,0.99,0.0001,0.0001,1.0,"[800, 1600]",0.1,128,10,3,8,pooled,local
314,384.7,280.0,104.7,125947.4,,,,,,,,,0.8675,1.280543,0.934336,0.346207,,,,1000,312000,1.00e-04,9,10,2048,800,128,0.0,0.7,"sched(0.9->0.15,hl=7.0)",1.0,0.3,0.25,0.5,0.1,1,0.05,30,1024,1024000,0.99,0.0001,0.0001,1.0,"[800, 1600]",0.1,128,10,3,8,pooled,local
315,372.9,267.6,105.3,126320.3,,,,,,,,,0.8668,1.279324,0.932824,0.346500,,,,1000,313000,1.00e-04,9,10,2048,800,128,0.0,0.7,"sched(0.9->0.15,hl=7.0)",1.0,0.3,0.25,0.5,0.1,1,0.05,30,1024,1024000,0.99,0.0001,0.0001,1.0,"[800, 1600]",0.1,128,10,3,8,pooled,local
316,400.9,295.7,105.2,126721.2,,,,,,,,,0.8668,1.275172,0.928984,0.346188,,,,1000,314000,1.00e-04,9,10,2048,800,128,0.0,0.7,"sched(0.9->0.15,hl=7.0)",1.0,0.3,0.25,0.5,0.1,1,0.05,30,1024,1024000,0.99,0.0001,0.0001,1.0,"[800, 1600]",0.1,128,10,3,8,pooled,local
317,352.2,246.9,105.3,127073.4,,,,,,,,,0.8662,1.273588,0.925308,0.348280,,,,1000,315000,1.00e-04,9,10,2048,800,128,0.0,0.7,"sched(0.9->0.15,hl=7.0)",1.0,0.3,0.25,0.5,0.1,1,0.05,30,1024,1024000,0.99,0.0001,0.0001,1.0,"[800, 1600]",0.1,128,10,3,8,pooled,local
318,321.8,216.3,105.5,127395.2,,,,,,,,,0.8648,1.274340,0.924760,0.349580,,,,1000,316000,1.00e-04,9,10,2048,800,128,0.0,0.7,"sched(0.9->0.15,hl=7.0)",1.0,0.3,0.25,0.5,0.1,1,0.05,30,1024,1024000,0.99,0.0001,0.0001,1.0,"[800, 1600]",0.1,128,10,3,8,pooled,local
319,386.7,281.2,105.5,127781.9,,,,,,,,,0.8643,1.275395,0.924228,0.351167,,,,1000,317000,1.00e-04,9,10,2048,800,128,0.0,0.7,"sched(0.9->0.15,hl=7.0)",1.0,0.3,0.25,0.5,0.1,1,0.05,30,1024,1024000,0.99,0.0001,0.0001,1.0,"[800, 1600]",0.1,128,10,3,8,pooled,local
320,277.8,172.0,105.8,128059.7,,,,,,,,,0.8667,1.265752,0.920611,0.345140,,,,1000,318000,1.00e-04,9,10,2048,800,128,0.0,0.7,"sched(0.9->0.15,hl=7.0)",1.0,0.3,0.25,0.5,0.1,1,0.05,30,1024,1024000,0.99,0.0001,0.0001,1.0,"[800, 1600]",0.1,128,10,3,8,pooled,local
321,363.1,257.2,105.8,128422.8,,,,,,,,,0.8667,1.260050,0.913908,0.346142,,,,1000,319000,1.00e-04,9,10,2048,800,128,0.0,0.7,"sched(0.9->0.15,hl=7.0)",1.0,0.3,0.25,0.5,0.1,1,0.05,30,1024,1024000,0.99,0.0001,0.0001,1.0,"[800, 1600]",0.1,128,10,3,8,pooled,local
