cycle,p1_wins,p2_wins,draws,mean_game_length,min_game_length,max_game_length,mean_walls_placed,mean_policy_entropy,value_accuracy,loss_total,loss_policy,loss_value,holdout_loss_total,holdout_loss_policy,holdout_loss_value,lr,boardsize,walls_per_player,games_per_cycle,mcts_sims,mcts_sims_fast,fast_play_prob,fast_kl_threshold,temp_threshold,c_puct,dirichlet_alpha,dirichlet_epsilon,dist_bonus_weight_max,fpu_reduction,random_wall_plies,random_wall_fraction,buffer_cycles,batch_size,train_positions_per_cycle,buffer_recency_decay,learning_rate,weight_decay,value_loss_weight,lr_milestones,lr_decay,filters,num_residual,num_workers
1,40,60,0,20.02,9,30,9.67,1.1328,0.9310,1.583899,1.303358,0.187028,,,,1.00e-03,7,5,100,800,128,0.3,0.7,12,1.5,0.3,0.25,2.0,0.2,10,0.0,40,256,100000,0.9,0.001,0.0001,1.5,"[800, 1600]",0.1,64,6,7
2,34,66,0,23.26,8,41,7.46,0.5234,0.9091,1.439963,1.067323,0.248426,,,,1.00e-03,7,5,100,800,128,0.3,0.7,12,1.5,0.3,0.25,2.0,0.2,10,0.0,40,256,100000,0.9,0.001,0.0001,1.5,"[800, 1600]",0.1,64,6,7
3,53,47,0,23.88,9,49,8.38,0.3929,0.8833,1.362776,0.912939,0.299891,,,,1.00e-03,7,5,100,800,128,0.3,0.7,12,1.5,0.3,0.25,2.0,0.2,10,0.0,40,256,100000,0.9,0.001,0.0001,1.5,"[800, 1600]",0.1,64,6,7
4,72,28,0,24.64,12,46,8.70,0.3897,0.8757,1.324396,0.851228,0.315445,,,,1.00e-03,7,5,100,800,128,0.3,0.7,12,1.5,0.3,0.25,2.0,0.2,10,0.0,40,256,100000,0.9,0.001,0.0001,1.5,"[800, 1600]",0.1,64,6,7
5,58,42,0,23.71,9,40,8.29,0.3501,0.8686,1.303931,0.790678,0.342168,,,,1.00e-03,7,5,100,800,128,0.3,0.7,12,1.5,0.3,0.25,2.0,0.2,10,0.0,40,256,100000,0.9,0.001,0.0001,1.5,"[800, 1600]",0.1,64,6,7
6,51,49,0,24.32,10,47,8.61,0.3242,0.8610,1.269387,0.739767,0.353080,,,,1.00e-03,7,5,100,800,128,0.3,0.7,12,1.5,0.3,0.25,2.0,0.2,10,0.0,40,256,100000,0.9,0.001,0.0001,1.5,"[800, 1600]",0.1,64,6,7
7,49,49,2,26.39,12,56,8.89,0.2742,0.8531,1.242214,0.692319,0.366597,,,,1.00e-03,7,5,100,800,128,0.3,0.7,12,1.5,0.3,0.25,2.0,0.2,10,0.0,40,256,100000,0.9,0.001,0.0001,1.5,"[800, 1600]",0.1,64,6,7
8,64,36,0,24.18,13,44,8.52,0.2965,0.8552,1.215089,0.664499,0.367060,,,,1.00e-03,7,5,100,800,128,0.3,0.7,12,1.5,0.3,0.25,2.0,0.2,10,0.0,40,256,100000,0.9,0.001,0.0001,1.5,"[800, 1600]",0.1,64,6,7
9,47,53,0,26.47,13,43,8.31,0.2404,0.8438,1.200693,0.619544,0.387432,,,,1.00e-03,7,5,100,800,128,0.3,0.7,12,1.5,0.3,0.25,2.0,0.2,10,0.0,40,256,100000,0.9,0.001,0.0001,1.5,"[800, 1600]",0.1,64,6,7
10,49,51,0,26.97,12,46,8.48,0.2641,0.8394,1.193909,0.599723,0.396124,,,,1.00e-03,7,5,100,800,128,0.3,0.7,12,1.5,0.3,0.25,2.0,0.2,10,0.0,40,256,100000,0.9,0.001,0.0001,1.5,"[800, 1600]",0.1,64,6,7
11,47,53,0,26.63,13,41,8.92,0.2632,0.8354,1.177055,0.577346,0.399806,,,,1.00e-03,7,5,100,800,128,0.3,0.7,12,1.5,0.3,0.25,2.0,0.2,10,0.0,40,256,100000,0.9,0.001,0.0001,1.5,"[800, 1600]",0.1,64,6,7
12,52,48,0,26.35,14,41,8.73,0.2463,0.8299,1.183109,0.556872,0.417492,,,,1.00e-03,7,5,100,800,128,0.3,0.7,12,1.5,0.3,0.25,2.0,0.2,10,0.0,40,256,100000,0.9,0.001,0.0001,1.5,"[800, 1600]",0.1,64,6,7
13,49,50,1,28.35,15,66,9.58,0.2289,0.8278,1.171684,0.539472,0.421475,,,,1.00e-03,7,5,100,800,128,0.3,0.7,12,1.5,0.3,0.25,2.0,0.2,10,0.0,40,256,100000,0.9,0.001,0.0001,1.5,"[800, 1600]",0.1,64,6,7
14,46,54,0,27.64,11,39,9.52,0.2577,0.8242,1.167336,0.527762,0.426382,,,,1.00e-03,7,5,100,800,128,0.3,0.7,12,1.5,0.3,0.25,2.0,0.2,10,0.0,40,256,100000,0.9,0.001,0.0001,1.5,"[800, 1600]",0.1,64,6,7
15,56,44,0,27.41,13,40,9.21,0.2703,0.8191,1.176938,0.520593,0.437564,,,,1.00e-03,7,5,100,800,128,0.3,0.7,12,1.5,0.3,0.25,2.0,0.2,10,0.0,40,256,100000,0.9,0.001,0.0001,1.5,"[800, 1600]",0.1,64,6,7
16,49,51,0,28.80,12,45,9.18,0.2344,0.8232,1.149146,0.502458,0.431125,,,,1.00e-03,7,5,100,800,128,0.3,0.7,12,1.5,0.3,0.25,2.0,0.2,10,0.0,40,256,100000,0.9,0.001,0.0001,1.5,"[800, 1600]",0.1,64,6,7
17,44,56,0,29.32,15,52,9.06,0.2288,0.8200,1.140839,0.490059,0.433853,,,,1.00e-03,7,5,100,800,128,0.3,0.7,12,1.5,0.3,0.25,2.0,0.2,10,0.0,40,256,100000,0.9,0.001,0.0001,1.5,"[800, 1600]",0.1,64,6,7
18,43,57,0,28.56,15,58,9.09,0.2331,0.8145,1.142864,0.477743,0.443414,,,,1.00e-03,7,5,100,800,128,0.3,0.7,12,1.5,0.3,0.25,2.0,0.2,10,0.0,40,256,100000,0.9,0.001,0.0001,1.5,"[800, 1600]",0.1,64,6,7
19,52,48,0,30.10,10,43,9.49,0.2658,0.8151,1.133532,0.469582,0.442633,,,,1.00e-03,7,5,100,800,128,0.3,0.7,12,1.5,0.3,0.25,2.0,0.2,10,0.0,40,256,100000,0.9,0.001,0.0001,1.5,"[800, 1600]",0.1,64,6,7
20,52,48,0,31.20,13,46,9.23,0.2158,0.8138,1.127081,0.457948,0.446088,,,,1.00e-03,7,5,100,800,128,0.3,0.7,12,1.5,0.3,0.25,2.0,0.2,10,0.0,40,256,100000,0.9,0.001,0.0001,1.5,"[800, 1600]",0.1,64,6,7
21,51,49,0,29.00,9,44,9.08,0.2352,0.8095,1.127425,0.450868,0.451038,,,,1.00e-03,7,5,100,800,128,0.3,0.7,12,1.5,0.3,0.25,2.0,0.2,10,0.0,40,256,100000,0.9,0.001,0.0001,1.5,"[800, 1600]",0.1,64,6,7
22,46,54,0,30.43,8,50,9.12,0.2197,0.8128,1.108759,0.437520,0.447493,,,,1.00e-03,7,5,100,800,128,0.3,0.7,12,1.5,0.3,0.25,2.0,0.2,10,0.0,40,256,100000,0.9,0.001,0.0001,1.5,"[800, 1600]",0.1,64,6,7
23,48,52,0,30.38,15,44,9.35,0.2033,0.8094,1.101128,0.422371,0.452505,,,,1.00e-03,7,5,100,800,128,0.3,0.7,12,1.5,0.3,0.25,2.0,0.2,10,0.0,40,256,100000,0.9,0.001,0.0001,1.5,"[800, 1600]",0.1,64,6,7
24,45,55,0,29.42,16,43,9.29,0.2210,0.8087,1.096496,0.422068,0.449619,,,,1.00e-03,7,5,100,800,128,0.3,0.7,12,1.5,0.3,0.25,2.0,0.2,10,0.0,40,256,100000,0.9,0.001,0.0001,1.5,"[800, 1600]",0.1,64,6,7
25,40,60,0,30.21,17,47,9.39,0.2268,0.8094,1.093803,0.415478,0.452217,,,,1.00e-03,7,5,100,800,128,0.3,0.7,12,1.5,0.3,0.25,2.0,0.2,10,0.0,40,256,100000,0.9,0.001,0.0001,1.5,"[800, 1600]",0.1,64,6,7
26,43,57,0,30.74,15,52,9.16,0.1938,0.8105,1.083184,0.405181,0.452002,,,,1.00e-03,7,5,100,800,128,0.3,0.7,12,1.5,0.3,0.25,2.0,0.2,10,0.0,40,256,100000,0.9,0.001,0.0001,1.5,"[800, 1600]",0.1,64,6,7
27,51,49,0,31.84,16,49,9.42,0.2020,0.8089,1.080100,0.392384,0.458477,,,,1.00e-03,7,5,100,800,128,0.3,0.7,12,1.5,0.3,0.25,2.0,0.2,10,0.0,40,256,100000,0.9,0.001,0.0001,1.5,"[800, 1600]",0.1,64,6,7
28,47,53,0,29.84,15,41,9.21,0.2228,0.8075,1.078647,0.388927,0.459813,,,,1.00e-03,7,5,100,800,128,0.3,0.7,12,1.5,0.3,0.25,2.0,0.2,10,0.0,40,256,100000,0.9,0.001,0.0001,1.5,"[800, 1600]",0.1,64,6,7
29,44,56,0,37.30,17,59,9.65,0.2213,0.8063,1.081974,0.385683,0.464194,,,,1.00e-03,7,5,100,800,128,0.3,0.7,12,1.5,0.3,0.25,2.0,0.2,10,0.0,40,256,100000,0.9,0.001,0.0001,1.5,"[800, 1600]",0.1,64,6,7
30,40,60,0,33.92,21,49,9.45,0.2443,0.8121,1.072438,0.388509,0.455952,,,,1.00e-03,7,5,100,800,128,0.3,0.7,12,1.5,0.3,0.25,2.0,0.2,10,0.0,40,256,100000,0.9,0.001,0.0001,1.5,"[800, 1600]",0.1,64,6,7
31,57,43,0,39.41,14,199,9.89,0.2935,0.8137,1.085628,0.402321,0.455538,,,,1.00e-03,7,5,100,800,128,0.0,0.7,12,1.5,0.3,0.25,0.0,0.2,10,0.0,40,256,100000,0.9,0.001,0.0001,1.5,"[800, 1600]",0.1,64,6,7
32,43,55,2,39.63,19,80,9.42,0.2667,0.8175,1.069031,0.404725,0.442871,,,,1.00e-03,7,5,100,800,128,0.0,0.7,12,1.5,0.3,0.25,0.0,0.2,10,0.0,40,256,100000,0.9,0.001,0.0001,1.5,"[800, 1600]",0.1,64,6,7
33,38,60,2,36.97,21,97,9.75,0.2778,0.8219,1.065292,0.410613,0.436453,,,,1.00e-03,7,5,100,800,128,0.0,0.7,12,1.5,0.3,0.25,0.0,0.2,10,0.0,40,256,100000,0.9,0.001,0.0001,1.5,"[800, 1600]",0.1,64,6,7
34,45,54,1,38.35,14,84,9.58,0.2977,0.8248,1.062434,0.422755,0.426453,,,,1.00e-03,7,5,100,800,128,0.0,0.7,12,1.5,0.3,0.25,0.0,0.2,10,0.0,40,256,100000,0.9,0.001,0.0001,1.5,"[800, 1600]",0.1,64,6,7
35,49,51,0,37.51,16,76,9.60,0.3089,0.8251,1.068301,0.429226,0.426050,,,,1.00e-03,7,5,100,800,128,0.0,0.7,12,1.5,0.3,0.25,0.0,0.2,10,0.0,40,256,100000,0.9,0.001,0.0001,1.5,"[800, 1600]",0.1,64,6,7
36,48,52,0,37.30,10,119,9.44,0.3135,0.8248,1.080615,0.442738,0.425252,,,,1.00e-03,7,5,100,800,128,0.0,0.7,12,1.5,0.3,0.25,0.0,0.2,10,0.0,40,256,100000,0.9,0.001,0.0001,1.5,"[800, 1600]",0.1,64,6,7
37,44,56,0,37.06,18,90,9.24,0.3189,0.8276,1.090926,0.452994,0.425288,,,,1.00e-03,7,5,100,800,128,0.0,0.7,12,1.5,0.3,0.25,0.0,0.2,10,0.0,40,256,100000,0.9,0.001,0.0001,1.5,"[800, 1600]",0.1,64,6,7
38,50,48,2,36.99,17,94,9.65,0.3775,0.8290,1.100918,0.469144,0.421183,,,,1.00e-03,7,5,100,800,128,0.0,0.7,12,1.5,0.3,0.25,0.0,0.2,10,0.0,40,256,100000,0.9,0.001,0.0001,1.5,"[800, 1600]",0.1,64,6,7
39,45,53,2,35.55,12,68,9.59,0.3667,0.8300,1.117334,0.490393,0.417961,,,,1.00e-03,7,5,100,800,128,0.0,0.7,12,1.5,0.3,0.25,0.0,0.2,10,0.0,40,256,100000,0.9,0.001,0.0001,1.5,"[800, 1600]",0.1,64,6,7
40,33,66,1,31.30,18,104,9.36,0.5100,0.8361,1.148802,0.538595,0.406805,,,,1.00e-03,7,5,100,800,128,0.0,0.7,12,1.5,0.3,0.25,0.0,0.2,10,0.0,40,256,100000,0.9,0.001,0.0001,1.5,"[800, 1600]",0.1,64,6,7
41,42,57,1,37.87,20,72,9.59,0.3535,0.8446,1.117655,0.534975,0.388453,,,,1.00e-03,7,5,100,800,128,0.0,0.7,12,1.5,0.3,0.25,0.0,0.2,10,0.0,40,256,100000,0.9,0.001,0.0001,1.5,"[800, 1600]",0.1,64,6,7
42,45,54,1,33.51,18,122,9.46,0.4594,0.8443,1.151401,0.567915,0.388991,,,,1.00e-03,7,5,100,800,128,0.0,0.7,12,1.5,0.3,0.25,0.0,0.2,10,0.0,40,256,100000,0.9,0.001,0.0001,1.5,"[800, 1600]",0.1,64,6,7
43,39,60,1,37.90,13,118,9.23,0.3249,0.8436,1.155338,0.566767,0.392381,,,,1.00e-03,7,5,100,800,128,0.0,0.7,12,1.5,0.3,0.25,0.0,0.2,10,0.0,40,256,100000,0.9,0.001,0.0001,1.5,"[800, 1600]",0.1,64,6,7
44,39,61,0,34.69,10,89,9.36,0.4827,0.8521,1.160889,0.596427,0.376308,,,,1.00e-03,7,5,100,800,128,0.0,0.7,12,1.5,0.3,0.25,0.0,0.2,10,0.0,40,256,100000,0.9,0.001,0.0001,1.5,"[800, 1600]",0.1,64,6,7
45,44,56,0,35.92,16,129,9.35,0.4244,0.8529,1.170575,0.610434,0.373427,,,,1.00e-03,7,5,100,800,128,0.0,0.7,12,1.5,0.3,0.25,0.0,0.2,10,0.0,40,256,100000,0.9,0.001,0.0001,1.5,"[800, 1600]",0.1,64,6,7
46,49,51,0,36.79,10,111,9.25,0.3711,0.8533,1.171601,0.616881,0.369813,,,,1.00e-03,7,5,100,800,128,0.0,0.7,12,1.5,0.3,0.25,0.0,0.2,10,0.0,40,256,100000,0.9,0.001,0.0001,1.5,"[800, 1600]",0.1,64,6,7
47,57,42,1,34.53,13,95,9.22,0.4215,0.8546,1.186993,0.633627,0.368911,,,,1.00e-03,7,5,100,800,128,0.0,0.7,12,1.5,0.3,0.25,0.0,0.2,10,0.0,40,256,100000,0.9,0.001,0.0001,1.5,"[800, 1600]",0.1,64,6,7
48,52,47,1,41.10,15,141,9.34,0.3134,0.8555,1.162308,0.615225,0.364722,,,,1.00e-03,7,5,100,800,128,0.0,0.7,12,1.5,0.3,0.25,0.0,0.2,10,0.0,40,256,100000,0.9,0.001,0.0001,1.5,"[800, 1600]",0.1,64,6,7
49,47,53,0,38.89,15,193,9.69,0.3249,0.8511,1.168268,0.611067,0.371467,,,,1.00e-03,7,5,100,800,128,0.0,0.7,12,1.5,0.3,0.25,0.0,0.2,10,0.0,40,256,100000,0.9,0.001,0.0001,1.5,"[800, 1600]",0.1,64,6,7
50,54,46,0,42.42,14,116,9.39,0.2333,0.8440,1.173186,0.590709,0.388318,,,,1.00e-03,7,5,100,800,128,0.0,0.7,12,1.5,0.3,0.25,0.0,0.2,10,0.0,40,256,100000,0.9,0.001,0.0001,1.5,"[800, 1600]",0.1,64,6,7
51,51,49,0,39.55,15,109,9.55,0.2532,0.8379,1.167620,0.568676,0.399296,,,,1.00e-03,7,5,100,800,128,0.0,0.7,12,1.5,0.3,0.25,0.0,0.2,10,0.0,40,256,100000,0.9,0.001,0.0001,1.5,"[800, 1600]",0.1,64,6,7
52,48,51,1,42.50,20,66,9.85,0.2703,0.8387,1.157312,0.555772,0.401027,,,,1.00e-03,7,5,100,800,128,0.0,0.7,12,1.5,0.3,0.25,0.0,0.2,10,0.0,40,256,100000,0.9,0.001,0.0001,1.5,"[800, 1600]",0.1,64,6,7
53,44,55,1,43.34,11,200,9.52,0.2565,0.8327,1.150573,0.536926,0.409098,,,,1.00e-03,7,5,100,800,128,0.0,0.7,12,1.5,0.3,0.25,0.0,0.2,10,0.0,40,256,100000,0.9,0.001,0.0001,1.5,"[800, 1600]",0.1,64,6,7
54,48,52,0,36.52,11,64,9.24,0.2985,0.8368,1.128960,0.530275,0.399123,,,,1.00e-03,7,5,100,800,128,0.0,0.7,12,1.5,0.3,0.25,0.0,0.2,10,0.0,40,256,100000,0.9,0.001,0.0001,1.5,"[800, 1600]",0.1,64,6,7
55,58,42,0,35.94,13,67,9.40,0.3586,0.8331,1.146246,0.535935,0.406874,,,,1.00e-03,7,5,100,800,128,0.0,0.7,12,1.5,0.3,0.25,0.0,0.2,10,0.0,40,256,100000,0.9,0.001,0.0001,1.5,"[800, 1600]",0.1,64,6,7
56,40,59,1,38.66,11,200,9.01,0.3235,0.8364,1.142627,0.544017,0.399074,,,,1.00e-03,7,5,100,800,128,0.0,0.7,12,1.5,0.3,0.25,0.0,0.2,10,0.0,40,256,100000,0.9,0.001,0.0001,1.5,"[800, 1600]",0.1,64,6,7
57,48,52,0,39.96,20,83,9.59,0.2843,0.8345,1.132318,0.523447,0.405914,,,,1.00e-03,7,5,100,800,128,0.0,0.7,12,1.5,0.3,0.25,0.0,0.2,10,0.0,40,256,100000,0.9,0.001,0.0001,1.5,"[800, 1600]",0.1,64,6,7
58,50,50,0,36.90,15,73,9.39,0.3487,0.8323,1.143268,0.536064,0.404803,,,,1.00e-03,7,5,100,800,128,0.0,0.7,12,1.5,0.3,0.25,0.0,0.2,10,0.0,40,256,100000,0.9,0.001,0.0001,1.5,"[800, 1600]",0.1,64,6,7
59,56,44,0,39.22,11,80,9.34,0.2794,0.8313,1.132917,0.521164,0.407835,,,,1.00e-03,7,5,100,800,128,0.0,0.7,12,1.5,0.3,0.25,0.0,0.2,10,0.0,40,256,100000,0.9,0.001,0.0001,1.5,"[800, 1600]",0.1,64,6,7
60,52,47,1,39.62,11,200,9.25,0.2865,0.8337,1.116194,0.509302,0.404595,,,,1.00e-03,7,5,100,800,128,0.0,0.7,12,1.5,0.3,0.25,0.0,0.2,10,0.0,40,256,100000,0.9,0.001,0.0001,1.5,"[800, 1600]",0.1,64,6,7
61,47,52,1,40.36,15,71,9.66,0.2878,0.8289,1.129240,0.511500,0.411827,,,,1.00e-03,7,5,100,800,128,0.0,0.7,12,1.5,0.3,0.25,0.0,0.2,10,0.0,40,256,100000,0.9,0.001,0.0001,1.5,"[800, 1600]",0.1,64,6,7
62,53,47,0,37.99,20,87,9.52,0.3548,0.8320,1.120365,0.514421,0.403963,,,,1.00e-03,7,5,100,800,128,0.0,0.7,12,1.5,0.3,0.25,0.0,0.2,10,0.0,40,256,100000,0.9,0.001,0.0001,1.5,"[800, 1600]",0.1,64,6,7
63,44,56,0,42.04,16,98,9.63,0.2812,0.8293,1.132912,0.511915,0.413998,,,,1.00e-03,7,5,100,800,128,0.0,0.7,12,1.5,0.3,0.25,0.0,0.2,10,0.0,40,256,100000,0.9,0.001,0.0001,1.5,"[800, 1600]",0.1,64,6,7
64,35,65,0,41.71,12,95,9.59,0.2783,0.8316,1.127124,0.509345,0.411853,,,,1.00e-03,7,5,100,800,128,0.0,0.7,12,1.5,0.3,0.25,0.0,0.2,10,0.0,40,256,100000,0.9,0.001,0.0001,1.5,"[800, 1600]",0.1,64,6,7
65,38,62,0,40.54,15,86,9.45,0.3341,0.8371,1.113082,0.510129,0.401969,,,,1.00e-03,7,5,100,800,128,0.0,0.7,12,1.5,0.3,0.25,0.0,0.2,10,0.0,40,256,100000,0.9,0.001,0.0001,1.5,"[800, 1600]",0.1,64,6,7
66,46,54,0,33.64,15,80,9.20,0.4376,0.8400,1.125816,0.533921,0.394597,,,,1.00e-03,7,5,100,800,128,0.0,0.7,12,1.5,0.3,0.25,0.0,0.2,10,0.0,40,256,100000,0.9,0.001,0.0001,1.5,"[800, 1600]",0.1,64,6,7
67,46,52,2,40.56,12,144,9.49,0.3283,0.8378,1.133325,0.536205,0.398080,,,,1.00e-03,7,5,100,800,128,0.0,0.7,12,1.5,0.3,0.25,0.0,0.2,10,0.0,40,256,100000,0.9,0.001,0.0001,1.5,"[800, 1600]",0.1,64,6,7
68,49,51,0,43.49,19,159,9.74,0.3102,0.8394,1.128153,0.532910,0.396828,,,,1.00e-03,7,5,100,800,128,0.0,0.7,12,1.5,0.3,0.25,0.0,0.2,10,0.0,40,256,100000,0.9,0.001,0.0001,1.5,"[800, 1600]",0.1,64,6,7
69,54,45,1,39.56,16,200,9.77,0.3414,0.8425,1.121027,0.536793,0.389489,,,,1.00e-03,7,5,100,800,128,0.0,0.7,12,1.5,0.3,0.25,0.0,0.2,10,0.0,40,256,100000,0.9,0.001,0.0001,1.5,"[800, 1600]",0.1,64,6,7
70,48,52,0,36.40,12,103,9.40,0.3839,0.8461,1.119592,0.549840,0.379834,,,,1.00e-03,7,5,100,800,128,0.0,0.7,12,1.5,0.3,0.25,0.0,0.2,10,0.0,40,256,100000,0.9,0.001,0.0001,1.5,"[800, 1600]",0.1,64,6,7
71,45,55,0,40.69,17,84,9.69,0.2952,0.8436,1.116455,0.545262,0.380795,,,,1.00e-03,7,5,100,800,128,0.0,0.7,12,1.5,0.3,0.25,0.0,0.2,10,0.0,40,256,100000,0.9,0.001,0.0001,1.5,"[800, 1600]",0.1,64,6,7
72,44,56,0,37.32,11,104,9.39,0.3682,0.8433,1.124076,0.545934,0.385428,,,,1.00e-03,7,5,100,800,128,0.0,0.7,12,1.5,0.3,0.25,0.0,0.2,10,0.0,40,256,100000,0.9,0.001,0.0001,1.5,"[800, 1600]",0.1,64,6,7
73,51,49,0,40.09,15,156,9.60,0.3263,0.8459,1.120206,0.549436,0.380514,,,,1.00e-03,7,5,100,800,128,0.0,0.7,12,1.5,0.3,0.25,0.0,0.2,10,0.0,40,256,100000,0.9,0.001,0.0001,1.5,"[800, 1600]",0.1,64,6,7
74,43,57,0,39.65,13,181,9.08,0.3457,0.8473,1.117252,0.556294,0.373972,,,,1.00e-03,7,5,100,800,128,0.0,0.7,12,1.5,0.3,0.25,0.0,0.2,10,0.0,40,256,100000,0.9,0.001,0.0001,1.5,"[800, 1600]",0.1,64,6,7
75,39,61,0,37.27,9,102,9.21,0.3319,0.8485,1.102041,0.548975,0.368710,,,,1.00e-03,7,5,100,800,128,0.0,0.7,12,1.5,0.3,0.25,0.0,0.2,10,0.0,40,256,100000,0.9,0.001,0.0001,1.5,"[800, 1600]",0.1,64,6,7
76,40,60,0,40.78,16,165,9.45,0.2582,0.8488,1.095147,0.540797,0.369567,,,,1.00e-03,7,5,100,800,128,0.0,0.7,12,1.5,0.3,0.25,0.0,0.2,10,0.0,40,256,100000,0.9,0.001,0.0001,1.5,"[800, 1600]",0.1,64,6,7
77,49,51,0,35.47,11,76,9.06,0.3234,0.8469,1.103785,0.540129,0.375771,,,,1.00e-03,7,5,100,800,128,0.0,0.7,12,1.5,0.3,0.25,0.0,0.2,10,0.0,40,256,100000,0.9,0.001,0.0001,1.5,"[800, 1600]",0.1,64,6,7
78,53,47,0,39.97,11,109,9.45,0.2911,0.8483,1.095660,0.537840,0.371880,,,,1.00e-03,7,5,100,800,128,0.0,0.7,12,1.5,0.3,0.25,0.0,0.2,10,0.0,40,256,100000,0.9,0.001,0.0001,1.5,"[800, 1600]",0.1,64,6,7
79,45,55,0,37.29,12,123,9.39,0.3162,0.8443,1.100230,0.532077,0.378769,,,,1.00e-03,7,5,100,800,128,0.0,0.7,12,1.5,0.3,0.25,0.0,0.2,10,0.0,40,256,100000,0.9,0.001,0.0001,1.5,"[800, 1600]",0.1,64,6,7
80,50,50,0,39.78,17,187,9.64,0.2792,0.8449,1.091359,0.525868,0.376994,,,,1.00e-03,7,5,100,800,128,0.0,0.7,12,1.5,0.3,0.25,0.0,0.2,10,0.0,40,256,100000,0.9,0.001,0.0001,1.5,"[800, 1600]",0.1,64,6,7
81,50,50,0,34.34,14,87,9.39,0.5152,0.8493,1.103191,0.551779,0.367608,,,,1.00e-03,7,5,100,800,128,0.0,0.7,12,1.5,0.3,0.25,0.0,0.2,10,0.0,40,256,100000,0.9,0.001,0.0001,1.5,"[800, 1600]",0.1,64,6,7
82,95,105,0,34.59,10,162,9.69,0.5044,0.8520,1.145610,0.601221,0.362926,,,,1.00e-03,7,5,200,800,128,0.0,0.7,14,1.5,0.3,0.3,0.0,0.0,5,0.1,50,256,200000,0.9,0.001,0.0001,1.5,"[800, 1600]",0.1,64,6,7
83,97,102,1,36.70,12,172,9.69,0.4323,0.8567,1.146579,0.618526,0.352035,,,,1.00e-03,7,5,200,800,128,0.0,0.7,14,1.5,0.3,0.3,0.0,0.0,5,0.1,50,256,200000,0.9,0.001,0.0001,1.5,"[800, 1600]",0.1,64,6,7
84,104,96,0,33.92,11,199,9.26,0.4643,0.8581,1.157153,0.639702,0.344967,,,,1.00e-03,7,5,200,800,128,0.0,0.7,14,1.5,0.3,0.3,0.0,0.0,5,0.1,50,256,200000,0.9,0.001,0.0001,1.5,"[800, 1600]",0.1,64,6,7
85,98,102,0,36.39,10,181,9.44,0.4548,0.8576,1.174649,0.652195,0.348302,,,,1.00e-03,7,5,200,800,128,0.0,0.7,14,1.5,0.3,0.3,0.0,0.0,5,0.1,50,256,200000,0.9,0.001,0.0001,1.5,"[800, 1600]",0.1,64,6,7
86,88,111,1,34.35,11,200,9.59,0.5013,0.8592,1.189190,0.676534,0.341770,,,,1.00e-03,7,5,200,800,128,0.0,0.7,14,1.5,0.3,0.3,0.0,0.0,5,0.1,50,256,200000,0.9,0.001,0.0001,1.5,"[800, 1600]",0.1,64,6,7
87,95,104,1,34.05,12,126,9.59,0.5141,0.8590,1.201670,0.688712,0.341972,,,,1.00e-03,7,5,200,800,128,0.0,0.7,14,1.5,0.3,0.3,0.0,0.0,5,0.1,50,256,200000,0.9,0.001,0.0001,1.5,"[800, 1600]",0.1,64,6,7
88,105,93,2,36.35,12,200,9.47,0.4856,0.8624,1.205453,0.707363,0.332060,,,,1.00e-03,7,5,200,800,128,0.0,0.7,14,1.5,0.3,0.3,0.0,0.0,5,0.1,50,256,200000,0.9,0.001,0.0001,1.5,"[800, 1600]",0.1,64,6,7
89,100,100,0,34.74,10,103,9.09,0.5019,0.8628,1.219415,0.717147,0.334846,2.077593,0.956522,0.747381,1.00e-03,7,5,200,800,128,0.0,0.7,14,1.5,0.3,0.3,0.0,0.0,1,0.1,40,256,200000,0.9,0.001,0.0001,1.5,"[800, 1600]",0.1,64,6,7
90,101,99,0,35.45,10,151,9.01,0.5019,0.8638,1.228446,0.728546,0.333266,2.075721,0.944398,0.754216,1.00e-03,7,5,200,800,128,0.0,0.7,14,1.5,0.3,0.3,0.0,0.0,1,0.1,40,256,200000,0.9,0.001,0.0001,1.5,"[800, 1600]",0.1,64,6,7
91,112,87,1,38.08,9,200,9.31,0.4293,0.8629,1.223784,0.720992,0.335195,2.059513,0.939262,0.746834,1.00e-03,7,5,200,800,128,0.0,0.7,14,1.5,0.3,0.3,0.0,0.0,1,0.1,40,256,200000,0.9,0.001,0.0001,1.5,"[800, 1600]",0.1,64,6,7
92,105,95,0,38.62,9,171,9.35,0.3944,0.8604,1.221325,0.710037,0.340859,2.061271,0.941429,0.746561,1.00e-03,7,5,200,800,128,0.0,0.7,14,1.5,0.3,0.3,0.0,0.0,1,0.1,40,256,200000,0.9,0.001,0.0001,1.5,"[800, 1600]",0.1,64,6,7
93,82,118,0,39.55,10,190,9.55,0.3854,0.8570,1.206548,0.688950,0.345065,2.055745,0.937350,0.745597,1.00e-03,7,5,200,800,128,0.0,0.7,14,1.5,0.3,0.3,0.0,0.0,1,0.1,40,256,200000,0.9,0.001,0.0001,1.5,"[800, 1600]",0.1,64,6,7
94,88,112,0,34.36,11,67,9.42,0.4957,0.8512,1.233500,0.698558,0.356628,2.033905,0.949642,0.722842,1.00e-03,7,5,200,800,128,0.0,0.7,14,1.5,0.3,0.3,0.0,0.0,1,0.1,40,256,200000,0.9,0.001,0.0001,1.5,"[800, 1600]",0.1,64,6,7
95,100,100,0,39.21,16,195,9.51,0.3893,0.8478,1.229881,0.685503,0.362918,2.072465,0.949113,0.748901,1.00e-03,7,5,200,800,128,0.0,0.7,14,1.5,0.3,0.3,0.0,0.0,1,0.1,40,256,200000,0.9,0.001,0.0001,1.5,"[800, 1600]",0.1,64,6,7
96,102,98,0,36.59,11,124,9.48,0.4406,0.8461,1.236042,0.686243,0.366533,2.005806,0.940757,0.710033,1.00e-03,7,5,200,800,128,0.0,0.7,14,1.5,0.3,0.3,0.0,0.0,1,0.1,40,256,200000,0.9,0.001,0.0001,1.5,"[800, 1600]",0.1,64,6,7
97,102,98,0,39.68,9,192,9.39,0.3977,0.8445,1.229904,0.671099,0.372537,1.984948,0.939766,0.696788,1.00e-03,7,5,200,800,128,0.0,0.7,14,1.5,0.3,0.3,0.0,0.0,1,0.1,40,256,200000,0.9,0.001,0.0001,1.5,"[800, 1600]",0.1,64,6,7
98,104,94,2,44.05,13,200,9.49,0.3560,0.8455,1.207046,0.652209,0.369891,2.012293,0.933492,0.719201,1.00e-03,7,5,200,800,128,0.0,0.7,14,1.5,0.3,0.3,0.0,0.0,1,0.1,40,256,200000,0.9,0.001,0.0001,1.5,"[800, 1600]",0.1,64,6,7
99,97,103,0,38.97,9,127,9.51,0.3856,0.8430,1.207607,0.648626,0.372654,2.014707,0.935865,0.719228,1.00e-03,7,5,200,800,128,0.0,0.7,14,1.5,0.3,0.3,0.0,0.0,1,0.1,40,256,200000,0.9,0.001,0.0001,1.5,"[800, 1600]",0.1,64,6,7
100,96,104,0,45.01,11,177,9.54,0.3220,0.8434,1.194019,0.630852,0.375444,2.049503,0.942436,0.738044,1.00e-03,7,5,200,800,128,0.0,0.7,14,1.5,0.3,0.3,0.0,0.0,1,0.1,40,256,200000,0.9,0.001,0.0001,1.5,"[800, 1600]",0.1,64,6,7
101,99,100,1,42.94,15,163,9.59,0.3896,0.8444,1.191278,0.632075,0.372802,2.014496,0.938031,0.717643,1.00e-03,7,5,200,800,128,0.0,0.7,14,1.5,0.3,0.3,0.0,0.0,1,0.1,40,256,200000,0.9,0.001,0.0001,1.5,"[800, 1600]",0.1,64,6,7
102,100,99,1,42.28,10,197,9.38,0.3311,0.8415,1.180510,0.616678,0.375888,1.993489,0.925219,0.712180,1.00e-03,7,5,200,800,128,0.0,0.7,14,1.5,0.3,0.3,0.0,0.0,1,0.1,40,256,200000,0.9,0.001,0.0001,1.5,"[800, 1600]",0.1,64,6,7
103,90,110,0,38.89,9,149,8.97,0.3772,0.8465,0.978775,0.616039,0.362736,1.660581,0.934873,0.725708,1.00e-03,7,5,200,800,128,0.0,0.7,14,1.0,0.3,0.3,0.0,0.0,1,0.05,50,256,384000,0.9,0.001,0.0001,1.0,"[800, 1600]",0.1,64,6,7
104,92,107,1,40.78,12,200,9.19,0.3247,0.8439,0.971676,0.601613,0.370063,1.702826,0.927659,0.775167,1.00e-03,7,5,200,800,128,0.0,0.7,14,1.0,0.3,0.3,0.0,0.0,1,0.05,50,256,384000,0.9,0.001,0.0001,1.0,"[800, 1600]",0.1,64,6,7
105,88,112,0,36.47,10,143,9.18,0.3856,0.8422,0.984679,0.609099,0.375580,1.660969,0.928939,0.732030,1.00e-03,7,5,200,800,128,0.0,0.7,14,1.0,0.3,0.3,0.0,0.0,1,0.05,40,256,256000,0.9,0.001,0.0001,1.0,"[800, 1600]",0.1,64,6,7
106,84,115,1,40.69,12,184,9.27,0.2994,0.8422,0.973391,0.594383,0.379008,1.663096,0.944088,0.719009,1.00e-03,7,5,200,800,128,0.0,0.7,14,1.0,0.3,0.3,0.0,0.0,1,0.05,40,256,256000,0.9,0.001,0.0001,1.0,"[800, 1600]",0.1,64,6,7
107,90,109,1,41.49,10,200,9.34,0.3355,0.8372,0.974640,0.587638,0.387002,1.612847,0.920520,0.692327,1.00e-03,7,5,200,800,128,0.0,0.7,14,1.0,0.3,0.3,0.0,0.0,1,0.05,40,256,256000,0.9,0.001,0.0001,1.0,"[800, 1600]",0.1,64,6,7
108,106,93,1,37.88,10,131,9.02,0.3345,0.8347,0.970873,0.580449,0.390424,1.607884,0.929043,0.678841,1.00e-03,7,5,200,800,128,0.0,0.7,14,1.0,0.3,0.3,0.0,0.0,1,0.05,40,256,256000,0.9,0.001,0.0001,1.0,"[800, 1600]",0.1,64,6,7
109,91,109,0,41.98,10,197,9.19,0.3047,0.8313,0.962154,0.565954,0.396200,1.630822,0.950346,0.680475,1.00e-03,7,5,200,800,128,0.0,0.7,14,1.0,0.3,0.3,0.0,0.0,1,0.05,40,256,256000,0.9,0.001,0.0001,1.0,"[800, 1600]",0.1,64,6,7
110,93,107,0,39.16,10,151,9.15,0.3323,0.8273,0.971669,0.565409,0.406261,1.672598,0.930948,0.741649,1.00e-03,7,5,200,800,128,0.0,0.7,14,1.0,0.3,0.3,0.0,0.0,1,0.05,40,256,256000,0.9,0.001,0.0001,1.0,"[800, 1600]",0.1,64,6,7
111,103,97,0,38.52,12,122,9.51,0.3363,0.8275,0.964923,0.559523,0.405400,1.620011,0.943526,0.676485,1.00e-03,7,5,200,800,128,0.0,0.7,14,1.0,0.3,0.3,0.0,0.0,1,0.05,40,256,256000,0.9,0.001,0.0001,1.0,"[800, 1600]",0.1,64,6,7
112,97,103,0,39.95,12,191,9.04,0.3040,0.8263,0.964217,0.555421,0.408796,1.620124,0.932019,0.688104,1.00e-03,7,5,200,800,128,0.0,0.7,14,1.0,0.3,0.3,0.0,0.0,1,0.05,40,256,256000,0.9,0.001,0.0001,1.0,"[800, 1600]",0.1,64,6,7
113,103,96,1,40.40,10,200,9.32,0.3388,0.8244,0.964662,0.550412,0.414251,1.595876,0.935462,0.660414,1.00e-03,7,5,200,800,128,0.0,0.7,14,1.0,0.3,0.3,0.0,0.0,1,0.05,40,256,256000,0.9,0.001,0.0001,1.0,"[800, 1600]",0.1,64,6,7
114,86,114,0,40.09,12,107,9.12,0.3061,0.8243,0.953199,0.539635,0.413564,1.646131,0.941341,0.704790,1.00e-03,7,5,200,800,128,0.0,0.7,14,1.0,0.3,0.3,0.0,0.0,1,0.05,40,256,256000,0.9,0.001,0.0001,1.0,"[800, 1600]",0.1,64,6,7
115,92,108,0,38.88,12,84,9.44,0.3523,0.8248,0.954887,0.539389,0.415498,1.584403,0.933908,0.650495,1.00e-03,7,5,200,800,128,0.0,0.7,14,1.0,0.3,0.3,0.0,0.0,1,0.05,40,256,256000,0.9,0.001,0.0001,1.0,"[800, 1600]",0.1,64,6,7
116,94,105,1,41.01,10,131,9.27,0.3037,0.8220,0.951303,0.531731,0.419572,1.604979,0.943571,0.661408,1.00e-03,7,5,200,800,128,0.0,0.7,14,1.0,0.3,0.3,0.0,0.0,1,0.05,40,256,256000,0.9,0.001,0.0001,1.0,"[800, 1600]",0.1,64,6,7
117,91,109,0,38.02,10,139,8.97,0.3512,0.8190,0.955578,0.529676,0.425902,1.629006,0.940848,0.688159,1.00e-03,7,5,200,800,128,0.0,0.7,14,1.0,0.3,0.3,0.0,0.0,1,0.05,40,256,256000,0.9,0.001,0.0001,1.0,"[800, 1600]",0.1,64,6,7
118,89,111,0,36.74,12,173,9.15,0.4162,0.8237,0.973576,0.555172,0.418404,1.607261,0.936736,0.670525,1.00e-03,7,5,200,800,128,0.0,0.7,14,1.0,0.3,0.3,0.0,0.0,1,0.05,40,256,256000,0.9,0.001,0.0001,1.0,"[800, 1600]",0.1,64,6,7
119,100,100,0,38.61,10,131,9.15,0.3784,0.8233,0.975869,0.558032,0.417837,1.621432,0.933654,0.687778,1.00e-03,7,5,200,800,128,0.0,0.7,14,1.0,0.3,0.3,0.0,0.0,1,0.05,40,256,256000,0.9,0.001,0.0001,1.0,"[800, 1600]",0.1,64,6,7
120,94,106,0,42.01,10,199,9.29,0.3235,0.8265,0.966067,0.554404,0.411664,1.603446,0.942759,0.660688,1.00e-03,7,5,200,800,128,0.0,0.7,14,1.0,0.3,0.3,0.0,0.0,1,0.05,40,256,256000,0.9,0.001,0.0001,1.0,"[800, 1600]",0.1,64,6,7
121,92,107,1,38.67,10,200,8.89,0.3646,0.8246,0.972893,0.559401,0.413492,1.618968,0.940860,0.678108,1.00e-03,7,5,200,800,128,0.0,0.7,14,1.0,0.3,0.3,0.0,0.0,1,0.05,40,256,256000,0.9,0.001,0.0001,1.0,"[800, 1600]",0.1,64,6,7
122,94,105,1,40.47,10,200,9.23,0.3404,0.8262,0.978296,0.565423,0.412873,1.573689,0.926567,0.647122,1.00e-03,7,5,200,800,128,0.0,0.7,14,1.0,0.3,0.3,0.0,0.0,1,0.05,40,256,256000,0.9,0.001,0.0001,1.0,"[800, 1600]",0.1,64,6,7
123,90,110,0,40.15,12,97,9.40,0.3487,0.8280,0.966749,0.558380,0.408369,1.579092,0.918216,0.660876,1.00e-03,7,5,200,800,128,0.0,0.7,14,1.0,0.3,0.3,0.0,0.0,1,0.05,40,256,256000,0.9,0.001,0.0001,1.0,"[800, 1600]",0.1,64,6,7
124,94,106,0,38.95,10,200,9.06,0.3604,0.8258,0.973821,0.563342,0.410479,1.565390,0.920130,0.645260,1.00e-03,7,5,200,800,128,0.0,0.7,14,1.0,0.3,0.3,0.0,0.0,1,0.05,40,256,256000,0.9,0.001,0.0001,1.0,"[800, 1600]",0.1,64,6,7
125,95,105,0,40.99,10,143,9.36,0.3515,0.8264,0.965027,0.554499,0.410528,1.578929,0.931680,0.647249,1.00e-03,7,5,200,800,128,0.0,0.7,14,1.0,0.3,0.3,0.0,0.0,1,0.05,40,256,256000,0.9,0.001,0.0001,1.0,"[800, 1600]",0.1,64,6,7
126,86,114,0,42.09,10,113,9.34,0.3121,0.8256,0.956038,0.543910,0.412128,1.573911,0.924172,0.649739,1.00e-03,7,5,200,800,128,0.0,0.7,14,1.0,0.3,0.3,0.0,0.0,1,0.05,40,256,256000,0.9,0.001,0.0001,1.0,"[800, 1600]",0.1,64,6,7
127,83,117,0,41.33,8,129,9.12,0.3229,0.8258,0.953169,0.541473,0.411696,1.573131,0.930035,0.643096,1.00e-03,7,5,200,800,128,0.0,0.7,14,1.0,0.3,0.3,0.0,0.0,1,0.05,40,256,256000,0.9,0.001,0.0001,1.0,"[800, 1600]",0.1,64,6,7
128,69,129,2,41.80,8,200,8.88,0.3359,0.8283,0.944593,0.532202,0.412391,1.528997,0.905196,0.623801,1.00e-03,7,5,200,800,128,0.0,0.7,14,1.0,0.3,0.3,0.0,0.0,1,0.05,40,256,256000,0.9,0.001,0.0001,1.0,"[800, 1600]",0.1,64,6,7
129,91,108,1,42.83,10,200,9.24,0.3470,0.8275,0.948421,0.534886,0.413535,1.543326,0.919343,0.623984,1.00e-03,7,5,200,800,128,0.0,0.7,14,1.0,0.3,0.3,0.0,0.0,1,0.05,40,256,256000,0.9,0.001,0.0001,1.0,"[800, 1600]",0.1,64,6,7
130,104,96,0,42.80,10,149,9.16,0.3249,0.8303,0.937775,0.531507,0.406268,1.557699,0.913818,0.643881,1.00e-03,7,5,200,800,128,0.0,0.7,14,1.0,0.3,0.3,0.0,0.0,1,0.05,40,256,256000,0.9,0.001,0.0001,1.0,"[800, 1600]",0.1,64,6,7
131,90,109,1,38.49,10,179,9.20,0.4291,0.8317,0.954496,0.551263,0.403233,1.557872,0.905127,0.652745,1.00e-03,7,5,200,800,128,0.0,0.7,14,1.0,0.3,0.3,0.0,0.0,1,0.05,40,256,256000,0.9,0.001,0.0001,1.0,"[800, 1600]",0.1,64,6,7
132,96,103,1,40.31,14,120,9.51,0.3594,0.8308,0.963044,0.557608,0.405435,1.574857,0.907851,0.667006,1.00e-03,7,5,200,800,128,0.0,0.7,14,1.0,0.3,0.3,0.0,0.0,1,0.05,40,256,256000,0.9,0.001,0.0001,1.0,"[800, 1600]",0.1,64,6,7
133,94,106,0,39.77,8,135,9.18,0.3334,0.8298,0.956406,0.551288,0.405118,1.565888,0.910941,0.654947,1.00e-03,7,5,200,800,128,0.0,0.7,14,1.0,0.3,0.3,0.0,0.0,1,0.05,40,256,256000,0.9,0.001,0.0001,1.0,"[800, 1600]",0.1,64,6,7
134,87,111,2,41.10,10,200,8.94,0.3187,0.8316,0.950767,0.546681,0.404086,1.561419,0.915657,0.645762,1.00e-03,7,5,200,800,128,0.0,0.7,14,1.0,0.3,0.3,0.0,0.0,1,0.05,40,256,256000,0.9,0.001,0.0001,1.0,"[800, 1600]",0.1,64,6,7
135,91,106,3,43.67,8,200,9.22,0.3172,0.8317,0.942998,0.541788,0.401210,1.539374,0.904102,0.635272,1.00e-03,7,5,200,800,128,0.0,0.7,14,1.0,0.3,0.3,0.0,0.0,1,0.05,40,256,256000,0.9,0.001,0.0001,1.0,"[800, 1600]",0.1,64,6,7
136,93,107,0,39.19,10,121,9.24,0.3574,0.8308,0.944501,0.545865,0.398637,1.532120,0.905152,0.626968,1.00e-03,7,5,200,800,128,0.0,0.7,14,1.0,0.3,0.3,0.0,0.0,1,0.05,40,256,256000,0.9,0.001,0.0001,1.0,"[800, 1600]",0.1,64,6,7
137,84,115,1,42.02,10,198,9.06,0.3406,0.8319,0.938637,0.542474,0.396163,1.531327,0.901032,0.630294,1.00e-03,7,5,200,800,128,0.0,0.7,14,1.0,0.3,0.3,0.0,0.0,1,0.05,40,256,256000,0.9,0.001,0.0001,1.0,"[800, 1600]",0.1,64,6,7
138,92,107,1,41.19,11,200,9.13,0.3300,0.8217,0.971661,0.548849,0.422813,1.506804,0.899584,0.607220,1.00e-03,7,5,200,800,128,0.0,0.7,14,1.0,0.3,0.25,0.0,0.0,1,0.05,40,256,512000,0.96,0.001,0.0001,1.0,"[800, 1600]",0.1,64,6,7
139,92,108,0,41.06,8,195,9.13,0.3163,0.8225,0.961500,0.541867,0.419632,1.512403,0.899273,0.613130,1.00e-03,7,5,200,800,128,0.0,0.7,14,1.0,0.3,0.25,0.0,0.0,1,0.05,40,256,512000,0.96,0.001,0.0001,1.0,"[800, 1600]",0.1,64,6,7
140,93,107,0,38.55,10,118,9.18,0.3693,0.8230,0.963789,0.544222,0.419567,1.502102,0.891423,0.610678,1.00e-03,7,5,200,800,128,0.0,0.7,14,1.0,0.3,0.25,0.0,0.0,1,0.05,40,256,512000,0.96,0.001,0.0001,1.0,"[800, 1600]",0.1,64,6,7
141,109,91,0,38.72,10,63,9.19,0.1947,0.8348,0.910930,0.523849,0.387081,1.514275,0.897638,0.616637,1.00e-04,7,5,200,800,128,0.0,0.7,14,1.0,0.3,0.25,3.0,0.0,1,0.05,40,256,512000,0.96,0.0001,0.0001,1.0,"[800, 1600]",0.1,64,6,7
142,100,100,0,35.24,10,62,8.78,0.1569,0.8411,0.876837,0.506396,0.370442,1.540930,0.903817,0.637114,1.00e-04,7,5,200,800,128,0.0,0.7,14,1.0,0.3,0.25,3.0,0.0,1,0.05,40,256,512000,0.96,0.0001,0.0001,1.0,"[800, 1600]",0.1,64,6,7
143,87,113,0,35.87,10,57,9.14,0.2398,0.8419,0.867169,0.499793,0.367376,1.559136,0.902556,0.656580,1.00e-04,7,5,200,800,128,0.0,0.7,14,1.0,0.3,0.25,0.5,0.1,1,0.05,40,256,512000,0.96,0.0001,0.0001,1.0,"[800, 1600]",0.1,64,6,7
144,96,104,0,35.92,9,83,8.88,0.2510,0.8425,0.859904,0.493879,0.366026,1.574340,0.904551,0.669789,1.00e-04,7,5,200,800,128,0.0,0.7,14,1.0,0.3,0.25,0.5,0.1,1,0.05,40,256,512000,0.96,0.0001,0.0001,1.0,"[800, 1600]",0.1,64,6,7
145,81,119,0,36.98,8,77,9.13,0.2520,0.8434,0.848523,0.484781,0.363742,1.568409,0.906439,0.661970,1.00e-04,7,5,200,800,128,0.0,0.7,14,1.0,0.3,0.25,0.5,0.1,1,0.05,40,256,512000,0.96,0.0001,0.0001,1.0,"[800, 1600]",0.1,64,6,7
146,93,107,0,39.87,10,76,9.30,0.2074,0.8409,0.841735,0.472960,0.368775,1.583712,0.909258,0.674454,1.00e-04,7,5,200,800,128,0.0,0.7,14,1.0,0.3,0.25,0.5,0.1,1,0.05,40,256,512000,0.96,0.0001,0.0001,1.0,"[800, 1600]",0.1,64,6,7
