cycle,p1_wins,p2_wins,draws,mean_game_length,min_game_length,max_game_length,mean_walls_placed,mean_policy_entropy,value_accuracy,loss_total,loss_policy,loss_value,holdout_loss_total,holdout_loss_policy,holdout_loss_value,lr,boardsize,walls_per_player,games_per_cycle,mcts_sims,mcts_sims_fast,fast_play_prob,fast_kl_threshold,temp_threshold,c_puct,dirichlet_alpha,dirichlet_epsilon,dist_bonus_weight_max,fpu_reduction,random_wall_plies,random_wall_fraction,buffer_cycles,batch_size,train_positions_per_cycle,buffer_recency_decay,learning_rate,weight_decay,value_loss_weight,lr_milestones,lr_decay,filters,num_residual,gpool_every,num_workers,value_head,pawn_head
44,,,,,,,,,0.8667,1.211297,0.865550,0.345746,,,,3.00e-04,9,10,2048,800,128,0.0,0.7,"sched(0.8->0.15,hl=6.0)",1.0,0.3,0.25,0.5,0.1,1,0.05,30,1024,1024000,0.92,0.0003,0.0001,1.0,"[800, 1600]",0.1,128,10,3,8,pooled,local
45,,,,,,,,,0.8758,1.133033,0.812175,0.320857,,,,3.00e-04,9,10,2048,800,128,0.0,0.7,"sched(0.8->0.15,hl=6.0)",1.0,0.3,0.25,0.5,0.1,1,0.05,30,1024,1024000,0.92,0.0003,0.0001,1.0,"[800, 1600]",0.1,128,10,3,8,pooled,local
46,,,,,,,,,0.8775,1.125843,0.808861,0.316981,,,,3.00e-04,9,10,2048,800,128,0.0,0.7,"sched(0.8->0.15,hl=6.0)",1.0,0.3,0.25,0.5,0.1,1,0.05,30,1024,1024000,0.92,0.0003,0.0001,1.0,"[800, 1600]",0.1,128,10,3,8,pooled,local
47,,,,,,,,,0.8645,1.225043,0.873305,0.351738,,,,3.00e-04,9,10,2048,800,128,0.0,0.7,"sched(0.8->0.15,hl=6.0)",1.0,0.3,0.25,0.5,0.1,1,0.05,50,1024,1024000,1.0,0.0003,0.0001,1.0,"[800, 1600]",0.1,128,10,3,8,pooled,local
48,,,,,,,,,0.8709,1.188022,0.853494,0.334528,,,,3.00e-04,9,10,2048,800,128,0.0,0.7,"sched(0.8->0.15,hl=6.0)",1.0,0.3,0.25,0.5,0.1,1,0.05,50,1024,1024000,1.0,0.0003,0.0001,1.0,"[800, 1600]",0.1,128,10,3,8,pooled,local
49,,,,,,,,,0.8716,1.182100,0.850389,0.331712,,,,3.00e-04,9,10,2048,800,128,0.0,0.7,"sched(0.8->0.15,hl=6.0)",1.0,0.3,0.25,0.5,0.1,1,0.05,50,1024,1024000,1.0,0.0003,0.0001,1.0,"[800, 1600]",0.1,128,10,3,8,pooled,local
50,,,,,,,,,0.8732,1.174589,0.846615,0.327973,,,,3.00e-04,9,10,2048,800,128,0.0,0.7,"sched(0.8->0.15,hl=6.0)",1.0,0.3,0.25,0.5,0.1,1,0.05,50,1024,1024000,1.0,0.0003,0.0001,1.0,"[800, 1600]",0.1,128,10,3,8,pooled,local
51,,,,,,,,,0.8733,1.171239,0.844965,0.326273,,,,3.00e-04,9,10,2048,800,128,0.0,0.7,"sched(0.8->0.15,hl=6.0)",1.0,0.3,0.25,0.5,0.1,1,0.05,50,1024,1024000,1.0,0.0003,0.0001,1.0,"[800, 1600]",0.1,128,10,3,8,pooled,local
52,,,,,,,,,0.8744,1.167621,0.843431,0.324191,,,,3.00e-04,9,10,2048,800,128,0.0,0.7,"sched(0.8->0.15,hl=6.0)",1.0,0.3,0.25,0.5,0.1,1,0.05,50,1024,1024000,1.0,0.0003,0.0001,1.0,"[800, 1600]",0.1,128,10,3,8,pooled,local
53,,,,,,,,,0.8744,1.165921,0.842150,0.323771,,,,3.00e-04,9,10,2048,800,128,0.0,0.7,"sched(0.8->0.15,hl=6.0)",1.0,0.3,0.25,0.5,0.1,1,0.05,50,1024,1024000,1.0,0.0003,0.0001,1.0,"[800, 1600]",0.1,128,10,3,8,pooled,local
54,,,,,,,,,0.8745,1.162817,0.839103,0.323714,,,,3.00e-04,9,10,2048,800,128,0.0,0.7,"sched(0.8->0.15,hl=6.0)",1.0,0.3,0.25,0.5,0.1,1,0.05,50,1024,1024000,1.0,0.0003,0.0001,1.0,"[800, 1600]",0.1,128,10,3,8,pooled,local
55,,,,,,,,,0.8757,1.138144,0.816015,0.322128,,,,3.00e-04,9,10,2048,800,128,0.0,0.7,"sched(0.8->0.15,hl=6.0)",1.0,0.3,0.25,0.5,0.1,1,0.05,30,1024,1024000,0.92,0.0003,0.0001,1.0,"[800, 1600]",0.1,128,10,3,8,pooled,local
56,,,,,,,,,0.8786,1.122908,0.808833,0.314075,,,,3.00e-04,9,10,2048,800,128,0.0,0.7,"sched(0.8->0.15,hl=6.0)",1.0,0.3,0.25,0.5,0.1,1,0.05,30,1024,1024000,0.92,0.0003,0.0001,1.0,"[800, 1600]",0.1,128,10,3,8,pooled,local
57,,,,,,,,,0.8772,1.141654,0.822322,0.319331,,,,3.00e-04,9,10,2048,800,128,0.0,0.7,"sched(0.8->0.15,hl=6.0)",1.0,0.3,0.25,0.5,0.1,1,0.05,30,1024,1024000,0.92,0.0003,0.0001,1.0,"[800, 1600]",0.1,128,10,3,8,pooled,local
58,,,,,,,,,0.8811,1.134813,0.821351,0.313461,,,,3.00e-04,9,10,2048,800,128,0.0,0.7,"sched(0.8->0.15,hl=6.0)",1.0,0.3,0.25,0.5,0.1,1,0.05,30,1024,1024000,0.92,0.0003,0.0001,1.0,"[800, 1600]",0.1,128,10,3,8,pooled,local
59,,,,,,,,,0.8753,1.148276,0.823011,0.325265,,,,3.00e-04,9,10,2048,800,128,0.0,0.7,"sched(0.8->0.15,hl=6.0)",1.0,0.3,0.25,0.5,0.1,1,0.05,30,1024,1024000,0.92,0.0003,0.0001,1.0,"[800, 1600]",0.1,128,10,3,8,pooled,local
60,,,,,,,,,0.8737,1.153162,0.826539,0.326623,,,,3.00e-04,9,10,2048,800,128,0.0,0.7,"sched(0.8->0.15,hl=6.0)",1.0,0.3,0.25,0.5,0.1,1,0.05,30,1024,1024000,0.92,0.0003,0.0001,1.0,"[800, 1600]",0.1,128,10,3,8,pooled,local
61,,,,,,,,,0.8778,1.135764,0.815954,0.319810,,,,3.00e-04,9,10,2048,800,128,0.0,0.7,"sched(0.8->0.15,hl=6.0)",1.0,0.3,0.25,0.5,0.1,1,0.05,30,1024,1024000,0.92,0.0003,0.0001,1.0,"[800, 1600]",0.1,128,10,3,8,pooled,local
62,,,,,,,,,0.8791,1.140582,0.820057,0.320525,,,,3.00e-04,9,10,2048,800,128,0.0,0.7,"sched(0.8->0.15,hl=6.0)",1.0,0.3,0.25,0.5,0.1,1,0.05,30,1024,1024000,0.92,0.0003,0.0001,1.0,"[800, 1600]",0.1,128,10,3,8,pooled,local
63,,,,,,,,,0.8735,1.159914,0.829348,0.330566,,,,3.00e-04,9,10,2048,800,128,0.0,0.7,"sched(0.8->0.15,hl=6.0)",1.0,0.3,0.25,0.5,0.1,1,0.05,30,1024,1024000,0.92,0.0003,0.0001,1.0,"[800, 1600]",0.1,128,10,3,8,pooled,local
64,,,,,,,,,0.8700,1.154855,0.819580,0.335275,,,,3.00e-04,9,10,2048,800,128,0.0,0.7,"sched(0.8->0.15,hl=6.0)",1.0,0.3,0.25,0.5,0.1,1,0.05,30,1024,1024000,0.92,0.0003,0.0001,1.0,"[800, 1600]",0.1,128,10,3,8,pooled,local
65,,,,,,,,,0.8652,1.166293,0.824434,0.341859,,,,3.00e-04,9,10,2048,800,128,0.0,0.7,"sched(0.8->0.15,hl=6.0)",1.0,0.3,0.25,0.5,0.1,1,0.05,30,1024,1024000,0.92,0.0003,0.0001,1.0,"[800, 1600]",0.1,128,10,3,8,pooled,local
66,,,,,,,,,0.8635,1.165875,0.819777,0.346098,,,,3.00e-04,9,10,2048,800,128,0.0,0.7,"sched(0.8->0.15,hl=6.0)",1.0,0.3,0.25,0.5,0.1,1,0.05,30,1024,1024000,0.92,0.0003,0.0001,1.0,"[800, 1600]",0.1,128,10,3,8,pooled,local
67,,,,,,,,,0.8629,1.147047,0.802432,0.344615,,,,3.00e-04,9,10,2048,800,128,0.0,0.7,"sched(0.8->0.15,hl=6.0)",1.0,0.3,0.25,0.5,0.1,1,0.05,30,1024,1024000,0.92,0.0003,0.0001,1.0,"[800, 1600]",0.1,128,10,3,8,pooled,local
68,,,,,,,,,0.8688,1.134146,0.796957,0.337189,,,,3.00e-04,9,10,2048,800,128,0.0,0.7,"sched(0.8->0.15,hl=6.0)",1.0,0.3,0.25,0.5,0.1,1,0.05,30,1024,1024000,0.92,0.0003,0.0001,1.0,"[800, 1600]",0.1,128,10,3,8,pooled,local
69,,,,,,,,,0.8717,1.130174,0.795881,0.334293,,,,3.00e-04,9,10,2048,800,128,0.0,0.7,"sched(0.8->0.15,hl=6.0)",1.0,0.3,0.25,0.5,0.1,1,0.05,30,1024,1024000,0.92,0.0003,0.0001,1.0,"[800, 1600]",0.1,128,10,3,8,pooled,local
70,,,,,,,,,0.8678,1.107104,0.769526,0.337578,,,,3.00e-04,9,10,2048,800,128,0.0,0.7,"sched(0.8->0.15,hl=6.0)",1.0,0.3,0.25,0.5,0.1,1,0.05,30,1024,1024000,0.92,0.0003,0.0001,1.0,"[800, 1600]",0.1,128,10,3,8,pooled,local
71,,,,,,,,,0.8664,1.136643,0.793454,0.343189,,,,3.00e-04,9,10,2048,800,128,0.0,0.7,"sched(0.8->0.15,hl=6.0)",1.0,0.3,0.25,0.5,0.1,1,0.05,30,1024,1024000,0.92,0.0003,0.0001,1.0,"[800, 1600]",0.1,128,10,3,8,pooled,local
72,,,,,,,,,0.8637,1.164274,0.813843,0.350431,,,,3.00e-04,9,10,2048,800,128,0.0,0.7,"sched(0.8->0.15,hl=6.0)",1.0,0.3,0.25,0.5,0.1,1,0.05,30,1024,1024000,0.92,0.0003,0.0001,1.0,"[800, 1600]",0.1,128,10,3,8,pooled,local
73,,,,,,,,,0.8628,1.190410,0.837370,0.353040,,,,3.00e-04,9,10,2048,800,128,0.0,0.7,"sched(0.8->0.15,hl=6.0)",1.0,0.3,0.25,0.5,0.1,1,0.05,30,1024,1024000,0.92,0.0003,0.0001,1.0,"[800, 1600]",0.1,128,10,3,8,pooled,local
74,,,,,,,,,0.8626,1.196674,0.843051,0.353623,,,,3.00e-04,9,10,2048,800,128,0.0,0.7,"sched(0.8->0.15,hl=6.0)",1.0,0.3,0.25,0.5,0.1,1,0.05,30,1024,1024000,0.92,0.0003,0.0001,1.0,"[800, 1600]",0.1,128,10,3,8,pooled,local
75,,,,,,,,,0.8633,1.205019,0.851236,0.353783,,,,3.00e-04,9,10,2048,800,128,0.0,0.7,"sched(0.8->0.15,hl=6.0)",1.0,0.3,0.25,0.5,0.1,1,0.05,30,1024,1024000,0.92,0.0003,0.0001,1.0,"[800, 1600]",0.1,128,10,3,8,pooled,local
76,,,,,,,,,0.8646,1.211464,0.858885,0.352579,,,,3.00e-04,9,10,2048,800,128,0.0,0.7,"sched(0.8->0.15,hl=6.0)",1.0,0.3,0.25,0.5,0.1,1,0.05,30,1024,1024000,0.92,0.0003,0.0001,1.0,"[800, 1600]",0.1,128,10,3,8,pooled,local
77,,,,,,,,,0.8667,1.208419,0.859695,0.348725,,,,3.00e-04,9,10,2048,800,128,0.0,0.7,"sched(0.8->0.15,hl=6.0)",1.0,0.3,0.25,0.5,0.1,1,0.05,30,1024,1024000,0.92,0.0003,0.0001,1.0,"[800, 1600]",0.1,128,10,3,8,pooled,local
78,,,,,,,,,0.8691,1.211539,0.865885,0.345654,,,,3.00e-04,9,10,2048,800,128,0.0,0.7,"sched(0.8->0.15,hl=6.0)",1.0,0.3,0.25,0.5,0.1,1,0.05,30,1024,1024000,0.92,0.0003,0.0001,1.0,"[800, 1600]",0.1,128,10,3,8,pooled,local
79,,,,,,,,,0.8620,1.207421,0.844521,0.362900,,,,3.00e-04,9,10,2048,800,128,0.0,0.7,"sched(0.8->0.15,hl=6.0)",1.0,0.3,0.25,0.5,0.1,1,0.05,30,1024,1024000,0.92,0.0003,0.0001,1.0,"[800, 1600]",0.1,128,10,3,8,pooled,local
80,,,,,,,,,0.8659,1.203198,0.846781,0.356417,,,,3.00e-04,9,10,2048,800,128,0.0,0.7,"sched(0.8->0.15,hl=6.0)",1.0,0.3,0.25,0.5,0.1,1,0.05,30,1024,1024000,0.92,0.0003,0.0001,1.0,"[800, 1600]",0.1,128,10,3,8,pooled,local
81,,,,,,,,,0.8708,1.218181,0.869677,0.348504,,,,3.00e-04,9,10,2048,800,128,0.0,0.7,"sched(0.8->0.15,hl=6.0)",1.0,0.3,0.25,0.5,0.1,1,0.05,30,1024,1024000,0.92,0.0003,0.0001,1.0,"[800, 1600]",0.1,128,10,3,8,pooled,local
82,,,,,,,,,0.8706,1.187856,0.841861,0.345995,,,,3.00e-04,9,10,2048,800,128,0.0,0.7,"sched(0.8->0.15,hl=6.0)",1.0,0.3,0.25,0.5,0.1,1,0.05,30,1024,1024000,0.92,0.0003,0.0001,1.0,"[800, 1600]",0.1,128,10,3,8,pooled,local
83,,,,,,,,,0.8761,1.181301,0.845764,0.335537,,,,3.00e-04,9,10,2048,800,128,0.0,0.7,"sched(0.8->0.15,hl=6.0)",1.0,0.3,0.25,0.5,0.1,1,0.05,30,1024,1024000,0.92,0.0003,0.0001,1.0,"[800, 1600]",0.1,128,10,3,8,pooled,local
84,,,,,,,,,0.8762,1.198756,0.864624,0.334132,,,,3.00e-04,9,10,2048,800,128,0.0,0.7,"sched(0.8->0.15,hl=6.0)",1.0,0.3,0.25,0.5,0.1,1,0.05,30,1024,1024000,0.92,0.0003,0.0001,1.0,"[800, 1600]",0.1,128,10,3,8,pooled,local
85,,,,,,,,,0.8762,1.192934,0.860842,0.332091,,,,3.00e-04,9,10,2048,800,128,0.0,0.7,"sched(0.8->0.15,hl=6.0)",1.0,0.3,0.25,0.5,0.1,1,0.05,30,1024,1024000,0.92,0.0003,0.0001,1.0,"[800, 1600]",0.1,128,10,3,8,pooled,local
86,,,,,,,,,0.8748,1.178861,0.845217,0.333644,,,,3.00e-04,9,10,2048,800,128,0.0,0.7,"sched(0.8->0.15,hl=6.0)",1.0,0.3,0.25,0.5,0.1,1,0.05,30,1024,1024000,0.92,0.0003,0.0001,1.0,"[800, 1600]",0.1,128,10,3,8,pooled,local
87,,,,,,,,,0.8796,1.165378,0.837678,0.327701,,,,3.00e-04,9,10,2048,800,128,0.0,0.7,"sched(0.8->0.15,hl=6.0)",1.0,0.3,0.25,0.5,0.1,1,0.05,30,1024,1024000,0.92,0.0003,0.0001,1.0,"[800, 1600]",0.1,128,10,3,8,pooled,local
88,,,,,,,,,0.8842,1.167081,0.846590,0.320491,,,,3.00e-04,9,10,2048,800,128,0.0,0.7,"sched(0.8->0.15,hl=6.0)",1.0,0.3,0.25,0.5,0.1,1,0.05,30,1024,1024000,0.92,0.0003,0.0001,1.0,"[800, 1600]",0.1,128,10,3,8,pooled,local
89,,,,,,,,,0.8884,1.172510,0.860409,0.312101,,,,3.00e-04,9,10,2048,800,128,0.0,0.7,"sched(0.8->0.15,hl=6.0)",1.0,0.3,0.25,0.5,0.1,1,0.05,30,1024,1024000,0.92,0.0003,0.0001,1.0,"[800, 1600]",0.1,128,10,3,8,pooled,local
90,,,,,,,,,0.8890,1.162015,0.849350,0.312665,,,,3.00e-04,9,10,2048,800,128,0.0,0.7,"sched(0.8->0.15,hl=6.0)",1.0,0.3,0.25,0.5,0.1,1,0.05,30,1024,1024000,0.92,0.0003,0.0001,1.0,"[800, 1600]",0.1,128,10,3,8,pooled,local
91,,,,,,,,,0.8909,1.096332,0.798012,0.298321,,,,3.00e-04,9,10,2048,800,128,0.0,0.7,"sched(0.8->0.15,hl=6.0)",1.0,0.3,0.25,0.5,0.1,1,0.05,30,1024,1024000,0.92,0.0003,0.0001,1.0,"[800, 1600]",0.1,128,10,3,8,pooled,local
92,,,,,,,,,0.8880,1.105627,0.799782,0.305845,,,,3.00e-04,9,10,2048,800,128,0.0,0.7,"sched(0.8->0.15,hl=6.0)",1.0,0.3,0.25,0.5,0.1,1,0.05,30,1024,1024000,0.92,0.0003,0.0001,1.0,"[800, 1600]",0.1,128,10,3,8,pooled,local
93,,,,,,,,,0.8822,1.112604,0.797852,0.314752,,,,3.00e-04,9,10,2048,800,128,0.0,0.7,"sched(0.8->0.15,hl=6.0)",1.0,0.3,0.25,0.5,0.1,1,0.05,30,1024,1024000,0.92,0.0003,0.0001,1.0,"[800, 1600]",0.1,128,10,3,8,pooled,local
94,,,,,,,,,0.8835,1.123367,0.811393,0.311974,,,,3.00e-04,9,10,2048,800,128,0.0,0.7,"sched(0.8->0.15,hl=6.0)",1.0,0.3,0.25,0.5,0.1,1,0.05,30,1024,1024000,0.92,0.0003,0.0001,1.0,"[800, 1600]",0.1,128,10,3,8,pooled,local
95,,,,,,,,,0.8829,1.112185,0.800057,0.312127,,,,3.00e-04,9,10,2048,800,128,0.0,0.7,"sched(0.8->0.15,hl=6.0)",1.0,0.3,0.25,0.5,0.1,1,0.05,30,1024,1024000,0.92,0.0003,0.0001,1.0,"[800, 1600]",0.1,128,10,3,8,pooled,local
96,,,,,,,,,0.8811,1.106101,0.793449,0.312652,,,,3.00e-04,9,10,2048,800,128,0.0,0.7,"sched(0.8->0.15,hl=6.0)",1.0,0.3,0.25,0.5,0.1,1,0.05,30,1024,1024000,0.92,0.0003,0.0001,1.0,"[800, 1600]",0.1,128,10,3,8,pooled,local
97,,,,,,,,,0.8849,1.099028,0.793426,0.305603,,,,3.00e-04,9,10,2048,800,128,0.0,0.7,"sched(0.8->0.15,hl=6.0)",1.0,0.3,0.25,0.5,0.1,1,0.05,30,1024,1024000,0.92,0.0003,0.0001,1.0,"[800, 1600]",0.1,128,10,3,8,pooled,local
98,,,,,,,,,0.8801,1.101017,0.787294,0.313723,,,,3.00e-04,9,10,2048,800,128,0.0,0.7,"sched(0.8->0.15,hl=6.0)",1.0,0.3,0.25,0.5,0.1,1,0.05,30,1024,1024000,0.92,0.0003,0.0001,1.0,"[800, 1600]",0.1,128,10,3,8,pooled,local
99,,,,,,,,,0.8857,1.087560,0.784468,0.303091,,,,3.00e-04,9,10,2048,800,128,0.0,0.7,"sched(0.8->0.15,hl=6.0)",1.0,0.3,0.25,0.5,0.1,1,0.05,30,1024,1024000,0.92,0.0003,0.0001,1.0,"[800, 1600]",0.1,128,10,3,8,pooled,local
100,,,,,,,,,0.8883,1.073469,0.773305,0.300164,,,,3.00e-04,9,10,2048,800,128,0.0,0.7,"sched(0.8->0.15,hl=6.0)",1.0,0.3,0.25,0.5,0.1,1,0.05,30,1024,1024000,0.92,0.0003,0.0001,1.0,"[800, 1600]",0.1,128,10,3,8,pooled,local
101,,,,,,,,,0.8752,1.082569,0.758698,0.323872,,,,3.00e-04,9,10,2048,800,128,0.0,0.7,"sched(0.8->0.15,hl=6.0)",1.0,0.3,0.25,0.5,0.1,1,0.05,30,1024,1024000,0.92,0.0003,0.0001,1.0,"[800, 1600]",0.1,128,10,3,8,pooled,local
102,,,,,,,,,0.8773,1.086930,0.764043,0.322887,,,,3.00e-04,9,10,2048,800,128,0.0,0.7,"sched(0.8->0.15,hl=6.0)",1.0,0.3,0.25,0.5,0.1,1,0.05,30,1024,1024000,0.92,0.0003,0.0001,1.0,"[800, 1600]",0.1,128,10,3,8,pooled,local
103,,,,,,,,,0.8736,1.051520,0.722709,0.328811,,,,3.00e-04,9,10,2048,800,128,0.0,0.7,"sched(0.8->0.15,hl=6.0)",1.0,0.3,0.25,0.5,0.1,1,0.05,30,1024,1024000,0.92,0.0003,0.0001,1.0,"[800, 1600]",0.1,128,10,3,8,pooled,local
104,,,,,,,,,0.8747,1.069359,0.744690,0.324669,,,,3.00e-04,9,10,2048,800,128,0.0,0.7,"sched(0.8->0.15,hl=6.0)",1.0,0.3,0.25,0.5,0.1,1,0.05,30,1024,1024000,0.92,0.0003,0.0001,1.0,"[800, 1600]",0.1,128,10,3,8,pooled,local
105,,,,,,,,,0.8741,1.086075,0.761505,0.324570,,,,3.00e-04,9,10,2048,800,128,0.0,0.7,"sched(0.8->0.15,hl=6.0)",1.0,0.3,0.25,0.5,0.1,1,0.05,30,1024,1024000,0.92,0.0003,0.0001,1.0,"[800, 1600]",0.1,128,10,3,8,pooled,local
106,,,,,,,,,0.8749,1.068706,0.743172,0.325534,,,,3.00e-04,9,10,2048,800,128,0.0,0.7,"sched(0.8->0.15,hl=6.0)",1.0,0.3,0.25,0.5,0.1,1,0.05,30,1024,1024000,0.92,0.0003,0.0001,1.0,"[800, 1600]",0.1,128,10,3,8,pooled,local
107,,,,,,,,,0.8841,1.050960,0.739942,0.311017,,,,3.00e-04,9,10,2048,800,128,0.0,0.7,"sched(0.8->0.15,hl=6.0)",1.0,0.3,0.25,0.5,0.1,1,0.05,30,1024,1024000,0.92,0.0003,0.0001,1.0,"[800, 1600]",0.1,128,10,3,8,pooled,local
108,,,,,,,,,0.8806,1.069461,0.752442,0.317019,,,,3.00e-04,9,10,2048,800,128,0.0,0.7,"sched(0.8->0.15,hl=6.0)",1.0,0.3,0.25,0.5,0.1,1,0.05,30,1024,1024000,0.92,0.0003,0.0001,1.0,"[800, 1600]",0.1,128,10,3,8,pooled,local
109,,,,,,,,,0.8864,1.047573,0.739441,0.308132,,,,3.00e-04,9,10,2048,800,128,0.0,0.7,"sched(0.8->0.15,hl=6.0)",1.0,0.3,0.25,0.5,0.1,1,0.05,30,1024,1024000,0.92,0.0003,0.0001,1.0,"[800, 1600]",0.1,128,10,3,8,pooled,local
110,,,,,,,,,0.8844,1.073149,0.760470,0.312679,,,,3.00e-04,9,10,2048,800,128,0.0,0.7,"sched(0.8->0.15,hl=6.0)",1.0,0.3,0.25,0.5,0.1,1,0.05,30,1024,1024000,0.92,0.0003,0.0001,1.0,"[800, 1600]",0.1,128,10,3,8,pooled,local
111,,,,,,,,,0.8848,1.056770,0.745247,0.311523,,,,3.00e-04,9,10,2048,800,128,0.0,0.7,"sched(0.8->0.15,hl=6.0)",1.0,0.3,0.25,0.5,0.1,1,0.05,30,1024,1024000,0.92,0.0003,0.0001,1.0,"[800, 1600]",0.1,128,10,3,8,pooled,local
112,,,,,,,,,0.8809,1.088092,0.768968,0.319124,,,,3.00e-04,9,10,2048,800,128,0.0,0.7,"sched(0.8->0.15,hl=6.0)",1.0,0.3,0.25,0.5,0.1,1,0.05,30,1024,1024000,0.92,0.0003,0.0001,1.0,"[800, 1600]",0.1,128,10,3,8,pooled,local
113,,,,,,,,,0.8771,1.118868,0.795991,0.322877,,,,3.00e-04,9,10,2048,800,128,0.0,0.7,"sched(0.8->0.15,hl=6.0)",1.0,0.3,0.25,0.5,0.1,1,0.05,30,1024,1024000,0.92,0.0003,0.0001,1.0,"[800, 1600]",0.1,128,10,3,8,pooled,local
114,,,,,,,,,0.8733,1.119326,0.788024,0.331302,,,,3.00e-04,9,10,2048,800,128,0.0,0.7,"sched(0.8->0.15,hl=6.0)",1.0,0.3,0.25,0.5,0.1,1,0.05,30,1024,1024000,0.92,0.0003,0.0001,1.0,"[800, 1600]",0.1,128,10,3,8,pooled,local
115,,,,,,,,,0.8715,1.122172,0.792205,0.329968,,,,3.00e-04,9,10,2048,800,128,0.0,0.7,"sched(0.8->0.15,hl=6.0)",1.0,0.3,0.25,0.5,0.1,1,0.05,30,1024,1024000,0.92,0.0003,0.0001,1.0,"[800, 1600]",0.1,128,10,3,8,pooled,local
116,,,,,,,,,0.8695,1.126191,0.790947,0.335244,,,,3.00e-04,9,10,2048,800,128,0.0,0.7,"sched(0.8->0.15,hl=6.0)",1.0,0.3,0.25,0.5,0.1,1,0.05,30,1024,1024000,0.92,0.0003,0.0001,1.0,"[800, 1600]",0.1,128,10,3,8,pooled,local
117,,,,,,,,,0.8671,1.127624,0.790593,0.337030,,,,3.00e-04,9,10,2048,800,128,0.0,0.7,"sched(0.8->0.15,hl=6.0)",1.0,0.3,0.25,0.5,0.1,1,0.05,30,1024,1024000,0.92,0.0003,0.0001,1.0,"[800, 1600]",0.1,128,10,3,8,pooled,local
118,,,,,,,,,0.8617,1.132104,0.784998,0.347105,,,,3.00e-04,9,10,2048,800,128,0.0,0.7,"sched(0.8->0.15,hl=6.0)",1.0,0.3,0.25,0.5,0.1,1,0.05,30,1024,1024000,0.92,0.0003,0.0001,1.0,"[800, 1600]",0.1,128,10,3,8,pooled,local
119,,,,,,,,,0.8592,1.139556,0.787198,0.352358,,,,3.00e-04,9,10,2048,800,128,0.0,0.7,"sched(0.8->0.15,hl=6.0)",1.0,0.3,0.25,0.5,0.1,1,0.05,30,1024,1024000,0.92,0.0003,0.0001,1.0,"[800, 1600]",0.1,128,10,3,8,pooled,local
120,,,,,,,,,0.8564,1.146979,0.797611,0.349368,,,,3.00e-04,9,10,2048,800,128,0.0,0.7,"sched(0.8->0.15,hl=6.0)",1.0,0.3,0.25,0.5,0.1,1,0.05,30,1024,1024000,0.92,0.0003,0.0001,1.0,"[800, 1600]",0.1,128,10,3,8,pooled,local
121,,,,,,,,,0.8645,1.117905,0.778071,0.339833,,,,3.00e-04,9,10,2048,800,128,0.0,0.7,"sched(0.8->0.15,hl=6.0)",1.0,0.3,0.25,0.5,0.1,1,0.05,30,1024,1024000,0.92,0.0003,0.0001,1.0,"[800, 1600]",0.1,128,10,3,8,pooled,local
122,,,,,,,,,0.8615,1.122044,0.778143,0.343901,,,,3.00e-04,9,10,2048,800,128,0.0,0.7,"sched(0.8->0.15,hl=6.0)",1.0,0.3,0.25,0.5,0.1,1,0.05,30,1024,1024000,0.92,0.0003,0.0001,1.0,"[800, 1600]",0.1,128,10,3,8,pooled,local
123,,,,,,,,,0.8582,1.120560,0.772436,0.348124,,,,3.00e-04,9,10,2048,800,128,0.0,0.7,"sched(0.8->0.15,hl=6.0)",1.0,0.3,0.25,0.5,0.1,1,0.05,30,1024,1024000,0.92,0.0003,0.0001,1.0,"[800, 1600]",0.1,128,10,3,8,pooled,local
124,,,,,,,,,0.8605,1.130451,0.781506,0.348945,,,,3.00e-04,9,10,2048,800,128,0.0,0.7,"sched(0.8->0.15,hl=6.0)",1.0,0.3,0.25,0.5,0.1,1,0.05,30,1024,1024000,0.92,0.0003,0.0001,1.0,"[800, 1600]",0.1,128,10,3,8,pooled,local
125,,,,,,,,,0.8631,1.154315,0.808780,0.345535,,,,3.00e-04,9,10,2048,800,128,0.0,0.7,"sched(0.8->0.15,hl=6.0)",1.0,0.3,0.25,0.5,0.1,1,0.05,30,1024,1024000,0.92,0.0003,0.0001,1.0,"[800, 1600]",0.1,128,10,3,8,pooled,local
126,,,,,,,,,0.8603,1.159647,0.808109,0.351539,,,,3.00e-04,9,10,2048,800,128,0.0,0.7,"sched(0.8->0.15,hl=6.0)",1.0,0.3,0.25,0.5,0.1,1,0.05,30,1024,1024000,0.92,0.0003,0.0001,1.0,"[800, 1600]",0.1,128,10,3,8,pooled,local
127,,,,,,,,,0.8612,1.145135,0.797141,0.347995,,,,3.00e-04,9,10,2048,800,128,0.0,0.7,"sched(0.8->0.15,hl=6.0)",1.0,0.3,0.25,0.5,0.1,1,0.05,30,1024,1024000,0.92,0.0003,0.0001,1.0,"[800, 1600]",0.1,128,10,3,8,pooled,local
128,,,,,,,,,0.8654,1.169907,0.825010,0.344897,,,,3.00e-04,9,10,2048,800,128,0.0,0.7,"sched(0.8->0.15,hl=6.0)",1.0,0.3,0.25,0.5,0.1,1,0.05,30,1024,1024000,0.92,0.0003,0.0001,1.0,"[800, 1600]",0.1,128,10,3,8,pooled,local
129,,,,,,,,,0.8620,1.168252,0.819562,0.348690,,,,3.00e-04,9,10,2048,800,128,0.0,0.7,"sched(0.8->0.15,hl=6.0)",1.0,0.3,0.25,0.5,0.1,1,0.05,30,1024,1024000,0.92,0.0003,0.0001,1.0,"[800, 1600]",0.1,128,10,3,8,pooled,local
130,,,,,,,,,0.8720,1.110359,0.778049,0.332309,,,,3.00e-04,9,10,2048,800,128,0.0,0.7,"sched(0.8->0.15,hl=6.0)",1.0,0.3,0.25,0.5,0.1,1,0.05,30,1024,1024000,0.92,0.0003,0.0001,1.0,"[800, 1600]",0.1,128,10,3,8,pooled,local
131,,,,,,,,,0.8717,1.114559,0.782260,0.332298,,,,3.00e-04,9,10,2048,800,128,0.0,0.7,"sched(0.8->0.15,hl=6.0)",1.0,0.3,0.25,0.5,0.1,1,0.05,30,1024,1024000,0.92,0.0003,0.0001,1.0,"[800, 1600]",0.1,128,10,3,8,pooled,local
132,,,,,,,,,0.8670,1.120820,0.779478,0.341342,,,,3.00e-04,9,10,2048,800,128,0.0,0.7,"sched(0.8->0.15,hl=6.0)",1.0,0.3,0.25,0.5,0.1,1,0.05,30,1024,1024000,0.92,0.0003,0.0001,1.0,"[800, 1600]",0.1,128,10,3,8,pooled,local
133,,,,,,,,,0.8651,1.138621,0.794731,0.343890,,,,3.00e-04,9,10,2048,800,128,0.0,0.7,"sched(0.8->0.15,hl=6.0)",1.0,0.3,0.25,0.5,0.1,1,0.05,30,1024,1024000,0.92,0.0003,0.0001,1.0,"[800, 1600]",0.1,128,10,3,8,pooled,local
134,,,,,,,,,0.8648,1.144808,0.800225,0.344584,,,,3.00e-04,9,10,2048,800,128,0.0,0.7,"sched(0.8->0.15,hl=6.0)",1.0,0.3,0.25,0.5,0.1,1,0.05,30,1024,1024000,0.92,0.0003,0.0001,1.0,"[800, 1600]",0.1,128,10,3,8,pooled,local
135,,,,,,,,,0.8713,1.117784,0.783200,0.334584,,,,3.00e-04,9,10,2048,800,128,0.0,0.7,"sched(0.8->0.15,hl=6.0)",1.0,0.3,0.25,0.5,0.1,1,0.05,30,1024,1024000,0.92,0.0003,0.0001,1.0,"[800, 1600]",0.1,128,10,3,8,pooled,local
136,,,,,,,,,0.8748,1.105757,0.777066,0.328691,,,,3.00e-04,9,10,2048,800,128,0.0,0.7,"sched(0.8->0.15,hl=6.0)",1.0,0.3,0.25,0.5,0.1,1,0.05,30,1024,1024000,0.92,0.0003,0.0001,1.0,"[800, 1600]",0.1,128,10,3,8,pooled,local
137,,,,,,,,,0.8766,1.099831,0.773999,0.325832,,,,3.00e-04,9,10,2048,800,128,0.0,0.7,"sched(0.8->0.15,hl=6.0)",1.0,0.3,0.25,0.5,0.1,1,0.05,30,1024,1024000,0.92,0.0003,0.0001,1.0,"[800, 1600]",0.1,128,10,3,8,pooled,local
138,,,,,,,,,0.8806,1.120008,0.798978,0.321030,,,,3.00e-04,9,10,2048,800,128,0.0,0.7,"sched(0.8->0.15,hl=6.0)",1.0,0.3,0.25,0.5,0.1,1,0.05,30,1024,1024000,0.92,0.0003,0.0001,1.0,"[800, 1600]",0.1,128,10,3,8,pooled,local
139,,,,,,,,,0.8847,1.136365,0.823558,0.312807,,,,3.00e-04,9,10,2048,800,128,0.0,0.7,"sched(0.8->0.15,hl=6.0)",1.0,0.3,0.25,0.5,0.1,1,0.05,30,1024,1024000,0.92,0.0003,0.0001,1.0,"[800, 1600]",0.1,128,10,3,8,pooled,local
140,,,,,,,,,0.8852,1.104412,0.793169,0.311243,,,,3.00e-04,9,10,2048,800,128,0.0,0.7,"sched(0.8->0.15,hl=6.0)",1.0,0.3,0.25,0.5,0.1,1,0.05,30,1024,1024000,0.92,0.0003,0.0001,1.0,"[800, 1600]",0.1,128,10,3,8,pooled,local
141,,,,,,,,,0.8796,1.117453,0.790766,0.326687,,,,3.00e-04,9,10,2048,800,128,0.0,0.7,"sched(0.8->0.15,hl=6.0)",1.0,0.3,0.25,0.5,0.1,1,0.05,30,1024,1024000,0.92,0.0003,0.0001,1.0,"[800, 1600]",0.1,128,10,3,8,pooled,local
142,,,,,,,,,0.8813,1.094485,0.769514,0.324971,,,,3.00e-04,9,10,2048,800,128,0.0,0.7,"sched(0.8->0.15,hl=6.0)",1.0,0.3,0.25,0.5,0.1,1,0.05,30,1024,1024000,0.92,0.0003,0.0001,1.0,"[800, 1600]",0.1,128,10,3,8,pooled,local
143,,,,,,,,,0.8803,1.079166,0.753849,0.325317,,,,3.00e-04,9,10,2048,800,128,0.0,0.7,"sched(0.8->0.15,hl=6.0)",1.0,0.3,0.25,0.5,0.1,1,0.05,30,1024,1024000,0.92,0.0003,0.0001,1.0,"[800, 1600]",0.1,128,10,3,8,pooled,local
144,,,,,,,,,0.8757,1.100663,0.765810,0.334853,,,,3.00e-04,9,10,2048,800,128,0.0,0.7,"sched(0.8->0.15,hl=6.0)",1.0,0.3,0.25,0.5,0.1,1,0.05,30,1024,1024000,0.92,0.0003,0.0001,1.0,"[800, 1600]",0.1,128,10,3,8,pooled,local
145,,,,,,,,,0.8796,1.104706,0.776436,0.328270,,,,3.00e-04,9,10,2048,800,128,0.0,0.7,"sched(0.8->0.15,hl=6.0)",1.0,0.3,0.25,0.5,0.1,1,0.05,30,1024,1024000,0.92,0.0003,0.0001,1.0,"[800, 1600]",0.1,128,10,3,8,pooled,local
146,,,,,,,,,0.8812,1.077496,0.754660,0.322836,,,,3.00e-04,9,10,2048,800,128,0.0,0.7,"sched(0.8->0.15,hl=6.0)",1.0,0.3,0.25,0.5,0.1,1,0.05,30,1024,1024000,0.92,0.0003,0.0001,1.0,"[800, 1600]",0.1,128,10,3,8,pooled,local
147,,,,,,,,,0.8817,1.058857,0.738017,0.320839,,,,3.00e-04,9,10,2048,800,128,0.0,0.7,"sched(0.8->0.15,hl=6.0)",1.0,0.3,0.25,0.5,0.1,1,0.05,30,1024,1024000,0.92,0.0003,0.0001,1.0,"[800, 1600]",0.1,128,10,3,8,pooled,local
148,,,,,,,,,0.8705,1.068359,0.728337,0.340022,,,,3.00e-04,9,10,2048,800,128,0.0,0.7,"sched(0.8->0.15,hl=6.0)",1.0,0.3,0.25,0.5,0.1,1,0.05,30,1024,1024000,0.92,0.0003,0.0001,1.0,"[800, 1600]",0.1,128,10,3,8,pooled,local
149,,,,,,,,,0.8684,1.062239,0.719145,0.343094,,,,3.00e-04,9,10,2048,800,128,0.0,0.7,"sched(0.8->0.15,hl=6.0)",1.0,0.3,0.25,0.5,0.1,1,0.05,30,1024,1024000,0.92,0.0003,0.0001,1.0,"[800, 1600]",0.1,128,10,3,8,pooled,local
150,,,,,,,,,0.8675,1.088391,0.741380,0.347011,,,,3.00e-04,9,10,2048,800,128,0.0,0.7,"sched(0.8->0.15,hl=6.0)",1.0,0.3,0.25,0.5,0.1,1,0.05,30,1024,1024000,0.92,0.0003,0.0001,1.0,"[800, 1600]",0.1,128,10,3,8,pooled,local
151,,,,,,,,,0.8709,1.106954,0.763949,0.343005,,,,3.00e-04,9,10,2048,800,128,0.0,0.7,"sched(0.8->0.15,hl=6.0)",1.0,0.3,0.25,0.5,0.1,1,0.05,30,1024,1024000,0.92,0.0003,0.0001,1.0,"[800, 1600]",0.1,128,10,3,8,pooled,local
152,,,,,,,,,0.8730,1.106620,0.768717,0.337903,,,,3.00e-04,9,10,2048,800,128,0.0,0.7,"sched(0.8->0.15,hl=6.0)",1.0,0.3,0.25,0.5,0.1,1,0.05,30,1024,1024000,0.92,0.0003,0.0001,1.0,"[800, 1600]",0.1,128,10,3,8,pooled,local
153,,,,,,,,,0.8721,1.121695,0.780308,0.341387,,,,3.00e-04,9,10,2048,800,128,0.0,0.7,"sched(0.8->0.15,hl=6.0)",1.0,0.3,0.25,0.5,0.1,1,0.05,30,1024,1024000,0.92,0.0003,0.0001,1.0,"[800, 1600]",0.1,128,10,3,8,pooled,local
154,,,,,,,,,0.8720,1.111561,0.772367,0.339194,,,,3.00e-04,9,10,2048,800,128,0.0,0.7,"sched(0.8->0.15,hl=6.0)",1.0,0.3,0.25,0.5,0.1,1,0.05,30,1024,1024000,0.92,0.0003,0.0001,1.0,"[800, 1600]",0.1,128,10,3,8,pooled,local
155,,,,,,,,,0.8736,1.076497,0.740279,0.336218,,,,3.00e-04,9,10,2048,800,128,0.0,0.7,"sched(0.8->0.15,hl=6.0)",1.0,0.3,0.25,0.5,0.1,1,0.05,30,1024,1024000,0.92,0.0003,0.0001,1.0,"[800, 1600]",0.1,128,10,3,8,pooled,local
156,,,,,,,,,0.8720,1.071419,0.732065,0.339354,,,,3.00e-04,9,10,2048,800,128,0.0,0.7,"sched(0.8->0.15,hl=6.0)",1.0,0.3,0.25,0.5,0.1,1,0.05,30,1024,1024000,0.92,0.0003,0.0001,1.0,"[800, 1600]",0.1,128,10,3,8,pooled,local
157,,,,,,,,,0.8759,1.057939,0.728811,0.329128,,,,3.00e-04,9,10,2048,800,128,0.0,0.7,"sched(0.8->0.15,hl=6.0)",1.0,0.3,0.25,0.5,0.1,1,0.05,30,1024,1024000,0.92,0.0003,0.0001,1.0,"[800, 1600]",0.1,128,10,3,8,pooled,local
158,,,,,,,,,0.8733,1.087246,0.750991,0.336254,,,,3.00e-04,9,10,2048,800,128,0.0,0.7,"sched(0.8->0.15,hl=6.0)",1.0,0.3,0.25,0.5,0.1,1,0.05,30,1024,1024000,0.92,0.0003,0.0001,1.0,"[800, 1600]",0.1,128,10,3,8,pooled,local
159,,,,,,,,,0.8715,1.089907,0.751059,0.338849,,,,3.00e-04,9,10,2048,800,128,0.0,0.7,"sched(0.8->0.15,hl=6.0)",1.0,0.3,0.25,0.5,0.1,1,0.05,30,1024,1024000,0.92,0.0003,0.0001,1.0,"[800, 1600]",0.1,128,10,3,8,pooled,local
160,,,,,,,,,0.8787,1.083859,0.761253,0.322606,,,,3.00e-04,9,10,2048,800,128,0.0,0.7,"sched(0.8->0.15,hl=6.0)",1.0,0.3,0.25,0.5,0.1,1,0.05,30,1024,1024000,0.92,0.0003,0.0001,1.0,"[800, 1600]",0.1,128,10,3,8,pooled,local
161,,,,,,,,,0.8782,1.106349,0.779975,0.326374,,,,3.00e-04,9,10,2048,800,128,0.0,0.7,"sched(0.8->0.15,hl=6.0)",1.0,0.3,0.25,0.5,0.1,1,0.05,30,1024,1024000,0.92,0.0003,0.0001,1.0,"[800, 1600]",0.1,128,10,3,8,pooled,local
162,,,,,,,,,0.8738,1.124299,0.789328,0.334971,,,,3.00e-04,9,10,2048,800,128,0.0,0.7,"sched(0.8->0.15,hl=6.0)",1.0,0.3,0.25,0.5,0.1,1,0.05,30,1024,1024000,0.92,0.0003,0.0001,1.0,"[800, 1600]",0.1,128,10,3,8,pooled,local
163,,,,,,,,,0.8807,1.116954,0.795029,0.321925,,,,3.00e-04,9,10,2048,800,128,0.0,0.7,"sched(0.8->0.15,hl=6.0)",1.0,0.3,0.25,0.5,0.1,1,0.05,30,1024,1024000,0.92,0.0003,0.0001,1.0,"[800, 1600]",0.1,128,10,3,8,pooled,local
164,,,,,,,,,0.8816,1.122127,0.799457,0.322669,,,,3.00e-04,9,10,2048,800,128,0.0,0.7,"sched(0.8->0.15,hl=6.0)",1.0,0.3,0.25,0.5,0.1,1,0.05,30,1024,1024000,0.92,0.0003,0.0001,1.0,"[800, 1600]",0.1,128,10,3,8,pooled,local
